,ypred,ytrue,ylog
IsPETase_WT,0.3791687786579132,0.01,0.0043
D186H/R280A/S121E,1.849991798400879,0.05,0.0212
D186H/K252M/K95N/M154G/N212K/N233C/N241C/P181V/Q119K/Q182M/R224L/R280A/R90T/S121E/S207R/S213E/S214Y/S282C/S58A/S61V/T270Q,2.5084948539733887,1.1,0.3222
D186H/P181V/R280A/S121E/S207R/S214Y,1.5851813554763794,0.1,0.0414
D186H/N212K/N233C/P181V/Q119K/Q182M/R224L/R280A/R90T/S121E/S207R/S213E/S214Y/S282C,2.7962100505828857,0.8,0.2553
D186H/N233C/P181V/Q119K/R280A/S121E/S207R/S213E/S214Y/S282C,2.7456748485565186,0.25,0.0969
