,ypred,ytrue,ylog
A180I/G165A/I168R/L117F/N233C/Q119Y/R280A/S188Q/S214H/S282C/T140D/W159H,12.23768138885498,400.0,2.6031
IsPETase_WT,0.5397587418556213,10.0,1.0414
D186H/F201I/K95N/N233C/R280A/S121E/S282C,2.6960480213165283,400.0,2.6031
A180I/F201I/G165A/I168R/K95N/L117F/Q119Y/R280A/R280A/S121E/S188Q/S214H/T140D/W159H,11.865443229675293,30.0,1.4914
D186H/N233C/R280A/S121E/S282C,2.8744375705718994,70.0,1.8513
D186H/R280A/S121E,2.292357921600342,20.0,1.3222
A180I/G165A/I168R/L117F/Q119Y/R280A/S188Q/S214H/T140D/W159H,11.80212116241455,70.0,1.8513
D186H/F201I/K95N/R280A/S121E,2.094470500946045,50.0,1.7076
A180I/F201I/G165A/I168R/K95N/L117F/N233C/Q119Y/R280A/R280A/S121E/S188Q/S214H/S282C/T140D/W159H,12.34643840789795,120.0,2.0828
