,ypred,ytrue,ylog
CtPL_H210S/F214I,2.92954158782959,30.0,1.4914
BurPL,3.9645745754241943,29.5,1.4843
F200I/OaPL_H196S,-1.243263602256775,0.0,0.0
F233I/PET2_H229S,-1.8111652135849,35.0,1.5563
BurPL_H344S,4.055109024047852,4.6,0.7482
PbPL_F220I,1.874151587486267,5.2,0.7924
BurPL_F348I,3.965045690536499,38.4,1.5955
F229I/PpPL_H225S,-0.7629784941673279,0.0,0.0
PpPL,-0.9650297164916992,5.0,0.7782
CtPL,3.0420968532562256,4.0,0.699
PbPL,1.8194794654846191,5.5,0.8129
F228I/TfCut_H224S,3.717174530029297,200.0,2.3032
LCC_WT,8.48176383972168,1440.0,3.1587
OaPL,-1.412774682044983,0.0,0.0
PbPL_H216S,1.947450041770935,2.7,0.5682
TfCut_WT,3.8070690631866455,75.0,1.8808
I218F/IsPETase_S214H,-0.7140643000602722,7.3,0.9191
F222I/LCC_H218S,8.23308277130127,1340.0,3.1274
BurPL_H344S/F348I,4.058007717132568,95.8,1.9859
IsPETase_WT,-0.3044717609882355,106.8,2.0326
F220I/PbPL_H216S,1.991819977760315,47.6,1.6866
PET2,-1.9771808385849,20.0,1.3222
