,ypred,ytrue,ylog
PETcan403,-3.6122426986694336,1.74,0.4378
PETcan707,1.214639663696289,2.54,0.549
PETcan604,2.0575168132781982,0.0,0.0
PETcan713,1.7732402086257935,0.0,0.0
PET2_WT,-3.9239120483398438,1.61,0.4166
PETcan602,3.20782732963562,28.14,1.4645
LCC_ICCG,6.105003356933594,500.0,2.6998
PETcan711,1.0377768278121948,13.55,1.1629
PETcan406,-1.4555011987686157,1.49,0.3962
PETcan610,0.8898817896842957,0.0,0.0
PETcan703,1.0636197328567505,500.0,2.6998
PETcan705,1.33100163936615,500.0,2.6998
PETcan501,4.858944416046143,500.0,2.6998
PETcan709,1.2954330444335938,0.0,0.0
PETcan714,1.0414849519729614,500.0,2.6998
PETcan701,1.0557550191879272,500.0,2.6998
LCC_WT,6.220825672149658,500.0,2.6998
PETcan601,2.774818181991577,500.0,2.6998
PETcan504,-4.051829814910889,305.53,2.4865
IsPETase_DM,-0.8580511212348938,463.79,2.6673
PETcan715,1.3488550186157227,500.0,2.6998
PETcan606,0.9630228877067566,66.91,1.8319
PETcan608,0.29325076937675476,0.0,0.0
PETcan410,3.2727363109588623,1.19,0.3404
PETcan503,2.311475992202759,3.68,0.6702
PETcan402,-4.52325439453125,0.0,0.0
LCC_WCCG,4.796968460083008,500.0,2.6998
PETcan405,0.22209258377552032,1.91,0.4639
PETcan605,0.09666677564382553,0.0,0.0
PETcan704,1.1522551774978638,500.0,2.6998
PETcan706,1.0959835052490234,500.0,2.6998
PETcan409,2.732250928878784,9.82,1.0342
PETcan708,0.6278340816497803,12.55,1.1319
PETcan702,1.5098148584365845,170.11,2.2333
PETcan712,1.7726222276687622,0.0,0.0
PETcan717,0.56972736120224,2.05,0.4843
PETcan716,1.3523515462875366,500.0,2.6998
TfCut_WT,2.7316482067108154,285.58,2.4572
PETcan407,4.698158264160156,75.09,1.8813
IsPETase_WT,-2.37790846824646,116.96,2.0717
PETcan710,0.6733570694923401,0.0,0.0
PETcan412,3.105910301208496,2.24,0.5105
PETcan611,1.5779895782470703,500.0,2.6998
