,ypred,ytrue,ylog
F209A,6.155360698699951,7.2,0.9138
F209A/G62A,6.492602825164795,15.0,1.2041
G62A,6.380956649780273,5.3,0.7993
F209S,5.982940673828125,5.4,0.8062
F209S/H129W,5.601236820220947,3.7,0.6721
F209A/H129W,5.768285274505615,0.1,0.0414
H129W,5.6635589599609375,3.7,0.6721
F209S/G62A,6.314249038696289,8.1,0.959
H129A,5.728616237640381,0.1,0.0414
G62A/H129W,5.991767883300781,6.1,0.8513
TfCut2_WT,6.049144744873047,2.4,0.5315
