,ypred,ytrue,ylog
A209S,1.7004090547561646,117.0,2.0719
Y87E,1.4790347814559937,6.3,0.8633
I208Q,1.5333071947097778,3.2,0.6232
T88F/Y87D,1.7200192213058472,0.0,0.0
A209E,1.7232471704483032,6.3,0.8633
S238A,1.4373326301574707,717.8,2.8566
W185T,1.6211222410202026,9.5,1.0212
Y87H,1.58586585521698,63.2,1.8075
M161Q,1.4007765054702759,22.1,1.3636
IsPETase_WT,1.3185838460922241,461.7,2.6653
A89H,1.2961558103561401,31.6,1.5132
A89S,1.553164005279541,461.7,2.6653
T88H,1.5419198274612427,253.0,2.4048
G86E,1.226834774017334,0.0,0.0
