,ypred,ytrue,ylog
IsPETase_WT,1.721280574798584,200.0,2.3032
W159H,2.653425931930542,18.6,1.2923
I208A,1.7339690923690796,19.5,1.3118
S214H,1.5156949758529663,54.2,1.7419
W159A,1.9396648406982422,22.1,1.3636
T88A,1.8690520524978638,124.7,2.0993
C203S,1.794340968132019,2.6,0.5563
W185A,1.6620959043502808,16.4,1.2405
Y87A,2.1805403232574463,89.4,1.9562
C239S,1.780308723449707,0.0,0.0
M161A,1.9186187982559204,17.5,1.2672
S160A,1.535017967224121,2.3,0.5185
