,ypred,ytrue,ylog
R280A,2.2577836513519287,6.2,0.8573
S160A,0.6014772057533264,0.1,0.0414
H237A,0.7648870944976807,0.1,0.0414
I208A,0.9066550731658936,0.8,0.2553
S238F,0.7643415927886963,2.7,0.5682
D206A,0.8643262386322021,0.1,0.0414
M161A,0.9028192162513733,2.4,0.5315
C203A/C239A,0.6092345118522644,1.0,0.301
W159H,1.7848535776138306,2.7,0.5682
S238A,1.0151532888412476,3.8,0.6812
N241A,0.540381669998169,0.9,0.2788
W159A,1.0746465921401978,1.0,0.301
W185A,0.7929539084434509,1.0,0.301
IsPETase_WT,0.8347019553184509,4.8,0.7634
Y87A,1.328842043876648,2.6,0.5563
