,ypred,ytrue,ylog
D174S/D204P/S121P,4.992922306060791,11.0,1.0792
D174S/D204P/E202L,5.123525619506836,6.0,0.8451
D174S/E202L,5.053326606750488,2.5,0.5441
TfCut2_WT,4.986350059509277,0.25,0.0969
D174S/S121P,4.928455352783203,4.5,0.7404
D174S/D204P,5.115435600280762,9.5,1.0212
D174S,5.0464653968811035,5.0,0.7782
D174S/D204P/S194P,5.267050266265869,10.0,1.0414
