,ypred,ytrue,ylog
N241A,-0.13811852037906647,0.2,0.0792
W159A,0.3163208067417145,2.9,0.5911
Q119A,0.8887961506843567,1.6,0.415
C203A,0.47211146354675293,0.2,0.0792
C203A/C239A,0.420320600271225,0.2,0.0792
A209I,0.307424932718277,3.1,0.6128
R123A,0.09980002045631409,0.2,0.0792
W185A,0.18102097511291504,0.6,0.2041
C239A,0.09716231375932693,0.0,0.0
S238F,0.24483513832092285,1.0,0.301
I208A,0.09124953299760818,0.8,0.2553
Q182L,0.38150110840797424,1.8,0.4472
W97L,0.2536133825778961,0.0,0.0
M161A,0.2781725823879242,1.0,0.301
S214H,-0.09640845656394958,3.9,0.6902
Y87A,0.47355833649635315,6.4,0.8692
W159H,1.1667793989181519,5.2,0.7924
