,ypred,ytrue,ylog
S207T,-0.2821148931980133,1.3,0.3617
S238V,-0.21634013950824738,1.0,0.301
R90A,-0.4417731761932373,4.5,0.7404
A240P,-0.46402445435523987,2.1,0.4914
I208V,-0.23416335880756378,2.3,0.5185
S238F,-0.3812978267669678,1.6,0.415
L117F,0.468224436044693,5.5,0.8129
IsPETase_WT,-0.4396943151950836,2.5,0.5441
I208F,-0.48708510398864746,6.3,0.8633
