,ypred,ytrue,ylog
G180A,-0.9585077166557312,7.2,0.9138
A192P,-1.6941556930541992,1.8,0.4472
E110K/F105R/G180A/G89C/R47C/S156P/T297P,-0.983346164226532,15.6,1.2201
T297P,-1.739293098449707,4.8,0.7634
E110K/F105R,-1.7937885522842407,8.4,0.9731
W174H,-1.1795916557312012,1.8,0.4472
Q183R,-1.6519733667373657,6.6,0.8808
L298C/Y262C,-1.8652108907699585,3.0,0.6021
S156P,-1.65238618850708,3.6,0.6628
S202Q,-1.1489143371582031,4.2,0.716
S155D,-1.7497650384902954,1.2,0.3424
G178A,-1.5822454690933228,6.0,0.8451
G177A,-1.7380456924438477,1.8,0.4472
D53P,-1.6953506469726562,5.4,0.8062
G89C/R47C,-1.545586109161377,6.0,0.8451
Q134Y,-0.9735310673713684,5.4,0.8062
F105R,-1.721356749534607,7.8,0.9445
L298R,-1.8872543573379517,3.0,0.6021
E110K/F105R/G180A/S156P/T297P,-1.0931916236877441,14.4,1.1875
A295C/L265C,-1.70367431640625,2.4,0.5315
E110K,-1.7501239776611328,6.6,0.8808
PET2_WT,-1.675906777381897,4.8,0.7634
G179A,-1.7239445447921753,2.4,0.5315
E110K/F105R/S156P/T297P,-1.8270107507705688,9.6,1.0253
