,ypred,ytrue,ylog
S335N,-0.6806705594062805,1372.8,3.1379
L218T,-0.6264922022819519,445.2,2.6495
S220R,-0.40115228295326233,426.7,2.6311
BbPETase_WT,-0.6264932751655579,723.5,2.86
M363I,-0.624716579914093,1451.6,3.1621
T338I,-0.7002890706062317,1400.6,3.1466
N365G,-0.7080721855163574,1242.9,3.0948
