,ypred,ytrue,ylog
IsPETase_WT,0.920020341873169,8.7,0.9868
D186V,0.724409818649292,7.1,0.9085
P181A,0.9590017795562744,7.6,0.9345
D186I,0.6753339171409607,6.9,0.8976
D186H/R280A/S121D,1.88058602809906,93.6,1.9759
D186H/R280A/S121E,1.7936878204345703,120.9,2.086
P181G,1.1635831594467163,1.7,0.4314
S121E,0.9246141910552979,5.2,0.7924
D186H/P181A/S121E,0.4761769771575928,19.8,1.3181
P181S,1.020523190498352,2.2,0.5051
D186H/S121D,0.5120429396629333,38.4,1.5955
D186F,0.6741155982017517,14.4,1.1875
D186H/S121E,0.4386298656463623,52.2,1.7259
D186L,0.6745787262916565,7.1,0.9085
S121D,0.9968218207359314,7.2,0.9138
D186H,0.4300692081451416,19.7,1.316
D186H/P181A/S121D,0.5498387813568115,25.3,1.42
