,ypred,ytrue,ylog
TfCut2_WT,5.722738742828369,4.0,0.699
PHL6,-2.877115249633789,5.0,0.7782
PHL7,-0.7937345504760742,75.0,1.8808
PHL5,-2.806706428527832,1.0,0.301
PHL1,-2.345238447189331,0.5,0.1761
PHL3,-0.2785956561565399,15.0,1.2041
PHL4,-2.4743735790252686,1.0,0.301
PHL2,-2.175682306289673,0.0,0.0
