,ypred,ytrue,ylog
TfCut2_WT,4.091658115386963,0.2,0.0792
D174R/D204C/E253C,4.560884475708008,25.2,1.4183
D174N/D204C/E253C,4.643919944763184,24.3,1.4031
D174C/D204C,4.22471809387207,0.2,0.0792
D204C/E253C,4.524469375610352,22.6,1.3729
D174A/D204C/E253C,4.5500664710998535,23.6,1.3909
D174C/E253C,4.461337089538574,9.1,1.0043
D174L/D204C/E253C,4.631977558135986,24.3,1.4031
D174R/D204C/E253C/G205D,4.689731121063232,22.3,1.3674
