,ypred,ytrue,ylog
D238C/S283C,12.630549430847168,100.2,2.0052
LCC_WT,11.757157325744629,81.9,1.9186
D238C/F243W/S283C,12.712150573730469,80.0,1.9085
D238C/F243I/S283C/T96M,12.56714153289795,70.1,1.8519
D238C/F243I/S283C/T96M,12.56714153289795,48.2,1.692
N246D,11.76279067993164,85.4,1.9365
Y127G,11.305408477783203,54.5,1.7443
D238C/F243I/N246D/S283C,12.75110149383545,15.4,1.2148
D238C/F243I/N246M/S283C,12.572611808776855,96.4,1.9886
N246M,11.576306343078613,81.5,1.9165
D238C/F243I/S283C/Y127G,12.264805793762207,82.0,1.9191
D238C/F243W/N246D/S283C,12.720934867858887,22.9,1.3784
D238C/F243I/S283C,12.737706184387207,100.0,2.0043
F243I,11.846335411071777,104.4,2.0228
D238C/F243W/N246M/S283C,12.54528522491455,85.8,1.9385
T96M,11.585515022277832,59.3,1.7803
D238C/F243W/S283C/Y127G,12.245514869689941,75.9,1.8859
F243W,11.845015525817871,96.9,1.9908
