,ypred,ytrue,ylog
R288A/W161H,0.14743618667125702,122.4,2.0913
L90T,-1.2895854711532593,71.3,1.8591
T241F,-1.4743046760559082,0.0,0.0
L90T/R288A/W161H,0.20940975844860077,163.6,2.2164
Y89A,-1.0155314207077026,27.8,1.4594
V210I,-1.44979727268219,55.5,1.752
L90T/W161H,-0.668228805065155,50.3,1.7101
L90T/R288A,-0.4098860025405884,72.1,1.8639
R288A,-0.45972585678100586,140.3,2.1501
W161H,-0.729956865310669,122.3,2.091
T241S,-1.455030918121338,0.0,0.0
SbPETase_WT,-1.3396044969558716,116.4,2.0697
W161A,-1.1519426107406616,0.0,0.0
