,ypred,ytrue,ylog
G62A,4.552848815917969,19.0,1.301
TfCut2_WT,4.305941104888916,7.0,0.9031
G62A/I213S/T63D,4.579987049102783,18.0,1.2788
I178V,4.288712024688721,8.0,0.9542
T63D,4.398592472076416,8.0,0.9542
G62A/I178V/T63D,4.627630710601807,17.0,1.2553
G62A/I178V/I213S/T63D,4.554571628570557,17.0,1.2553
G62A/T63D,4.652131080627441,18.0,1.2788
G62A/I213S,4.482178211212158,19.0,1.301
I213S,4.221252918243408,8.0,0.9542
G62A/I178V,4.531906604766846,19.0,1.301
G62A/I178V/I213S,4.459733963012695,19.0,1.301
