,ypred,ytrue,ylog
IsPETase_WT,0.5382856726646423,2.25,0.5119
BhrPETase,8.96923542022705,6.25,0.8603
LCC_WT,8.919577598571777,5.75,0.8293
