,ypred,ytrue,ylog
V75R,9.599705696105957,177.8279,2.25
V68F,9.479191780090332,17.7828,1.25
A59K,9.51537799835205,316.2278,2.5
V63P,9.670485496520996,31.6228,1.5
A59K/N248P/V63I,9.686721801757812,316.2278,2.5
LCC_ICCG,9.53544807434082,10.0,1.0
V75K,9.566306114196777,31.6228,1.5
V75Y,9.368659973144531,10.0,1.0
A90V,9.450364112854004,10.0,1.0
L105F,9.506319999694824,17.7828,1.25
V75D,9.485480308532715,3.1623,0.5
V75F,9.50655746459961,17.7828,1.25
A59R,9.774935722351074,316.2278,2.5
A59R/N248P/V75R,9.93858528137207,316.2278,2.5
V150I,9.462340354919434,17.7828,1.25
V63L,9.6557035446167,31.6228,1.5
V68P,9.544650077819824,31.6228,1.5
A162V,9.439932823181152,10.0,1.0
V202I,9.412395477294922,10.0,1.0
A59H/N248P/V63I,9.57822322845459,31.6228,1.5
R124Y,9.446084022521973,3.1623,0.5
A59H,9.403070449829102,177.8279,2.25
N248P/V63I/V75R,9.776233673095703,316.2278,2.5
N248P,9.63418197631836,100.0,2.0
N276P,9.310745239257812,5.6234,0.75
A59K/N248P/V75R,9.67701244354248,562.3413,2.75
A59H/N248P/V75R,9.571148872375488,316.2278,2.5
V63I,9.61450481414795,177.8279,2.25
A59R/N248P/V63I,9.950737953186035,316.2278,2.5
A59E,9.4856595993042,10.0,1.0
V68Y,9.391458511352539,31.6228,1.5
A162I,9.405762672424316,31.6228,1.5
V75H,9.564654350280762,31.6228,1.5
V75W,9.498133659362793,3.1623,0.5
