,ypred,ytrue,ylog
PET27,-1.1769973039627075,871.8,2.9409
PET30,-1.6867421865463257,15.9,1.2279
IsPETase_WT,1.392295479774475,4055.0,3.6081
