,means,stds
active_site_hmm,38.39879032,6.00236978
petase_hmm,385.7173653,37.75162563
homolog_hmm,254.0185629,21.75795842
blosum,,