,ypred,ytrue,ylog
D186H/R280A/S121E,11.12185287475586,20.0,1.3222
A180I/F201I/G165A/I168R/K95N/L117F/Q119Y/R280A/R280A/S121E/S188Q/S214H/T140D/W159H,16.14916229248047,30.0,1.4914
A180I/G165A/I168R/L117F/Q119Y/R280A/S188Q/S214H/T140D/W159H,16.697853088378906,70.0,1.8513
A180I/G165A/I168R/L117F/N233C/Q119Y/R280A/S188Q/S214H/S282C/T140D/W159H,18.12501335144043,400.0,2.6031
A180I/F201I/G165A/I168R/K95N/L117F/N233C/Q119Y/R280A/R280A/S121E/S188Q/S214H/S282C/T140D/W159H,17.5891170501709,120.0,2.0828
D186H/N233C/R280A/S121E/S282C,12.689957618713379,70.0,1.8513
D186H/F201I/K95N/N233C/R280A/S121E/S282C,12.882222175598145,400.0,2.6031
IsPETase_WT,10.942619323730469,10.0,1.0414
D186H/F201I/K95N/R280A/S121E,11.27978801727295,50.0,1.7076
