,ypred,ytrue,ylog
PbPL_H216S,9.813239097595215,2.7,0.5682
BurPL_H344S/F348I,11.049395561218262,95.8,1.9859
F233I/PET2_H229S,10.315106391906738,35.0,1.5563
OaPL,6.779856204986572,0.0,0.0
LCC_WT,17.175376892089844,1440.0,3.1587
PbPL_F220I,9.299612998962402,5.2,0.7924
F229I/PpPL_H225S,9.253790855407715,0.0,0.0
PET2,9.27123737335205,20.0,1.3222
PpPL,8.326051712036133,5.0,0.7782
F200I/OaPL_H196S,7.723748683929443,0.0,0.0
IsPETase_WT,10.947598457336426,106.8,2.0326
CtPL,9.466816902160645,4.0,0.699
I218F/IsPETase_S214H,10.439467430114746,7.3,0.9191
BurPL,10.548553466796875,29.5,1.4843
F228I/TfCut_H224S,12.953994750976562,200.0,2.3032
F222I/LCC_H218S,17.190248489379883,1340.0,3.1274
BurPL_H344S,11.0910062789917,4.6,0.7482
F220I/PbPL_H216S,9.894099235534668,47.6,1.6866
PbPL,9.21474552154541,5.5,0.8129
BurPL_F348I,10.504203796386719,38.4,1.5955
CtPL_H210S/F214I,9.630719184875488,30.0,1.4914
TfCut_WT,13.081710815429688,75.0,1.8808
