,ypred,ytrue,ylog
PETcan712,6.36593770980835,0.0,0.0
PETcan705,14.717018127441406,500.0,2.6998
IsPETase_WT,10.91381549835205,116.96,2.0717
PETcan716,14.500927925109863,500.0,2.6998
PETcan711,8.916394233703613,13.55,1.1629
PETcan602,12.23997974395752,28.14,1.4645
PETcan403,7.3040337562561035,1.74,0.4378
PETcan611,14.43193531036377,500.0,2.6998
TfCut_WT,13.010246276855469,285.58,2.4572
PETcan501,14.470096588134766,500.0,2.6998
PETcan605,0.9946298599243164,0.0,0.0
LCC_ICCG,17.72081756591797,500.0,2.6998
IsPETase_DM,14.595793724060059,463.79,2.6673
PETcan702,14.516730308532715,170.11,2.2333
PETcan604,8.767756462097168,0.0,0.0
PETcan701,13.648480415344238,500.0,2.6998
PETcan402,8.915973663330078,0.0,0.0
PETcan709,11.702422142028809,0.0,0.0
PETcan504,12.723072052001953,305.53,2.4865
PETcan703,13.932159423828125,500.0,2.6998
PETcan407,11.451741218566895,75.09,1.8813
PETcan406,9.640190124511719,1.49,0.3962
PETcan405,9.008907318115234,1.91,0.4639
PETcan409,8.47919750213623,9.82,1.0342
LCC_WT,17.12592124938965,500.0,2.6998
PETcan707,11.70068645477295,2.54,0.549
PETcan608,3.7574071884155273,0.0,0.0
PETcan706,14.13947582244873,500.0,2.6998
PETcan714,13.308003425598145,500.0,2.6998
PET2_WT,7.700052738189697,1.61,0.4166
PETcan715,13.798754692077637,500.0,2.6998
PETcan410,10.051960945129395,1.19,0.3404
PETcan606,11.3707914352417,66.91,1.8319
LCC_WCCG,15.597979545593262,500.0,2.6998
PETcan717,9.718506813049316,2.05,0.4843
PETcan610,7.893287181854248,0.0,0.0
PETcan412,9.591336250305176,2.24,0.5105
PETcan713,7.023096561431885,0.0,0.0
PETcan503,10.85055923461914,3.68,0.6702
PETcan710,7.670542240142822,0.0,0.0
PETcan704,14.047648429870605,500.0,2.6998
PETcan708,9.175871849060059,12.55,1.1319
PETcan601,12.233033180236816,500.0,2.6998
