,ypred,ytrue,ylog
TfCut2_WT,13.1105375289917,2.4,0.5315
F209S,12.914713859558105,5.4,0.8062
G62A/H129W,13.232940673828125,6.1,0.8513
F209A/H129W,12.359542846679688,0.1,0.0414
H129W,12.263888359069824,3.7,0.6721
F209A/G62A,14.143380165100098,15.0,1.2041
F209A,13.192826271057129,7.2,0.9138
F209S/G62A,13.834588050842285,8.1,0.959
G62A,14.051512718200684,5.3,0.7993
H129A,12.50958251953125,0.1,0.0414
F209S/H129W,12.07526683807373,3.7,0.6721
