,ypred,ytrue,ylog
A89H,10.965264320373535,31.6,1.5132
G86E,10.80718994140625,0.0,0.0
I208Q,11.067484855651855,3.2,0.6232
IsPETase_WT,10.94046688079834,461.7,2.6653
W185T,11.112011909484863,9.5,1.0212
A209E,11.470749855041504,6.3,0.8633
Y87E,11.243522644042969,6.3,0.8633
A209S,11.920330047607422,117.0,2.0719
M161Q,10.813491821289062,22.1,1.3636
Y87H,11.594527244567871,63.2,1.8075
A89S,12.043822288513184,461.7,2.6653
T88F/Y87D,11.304299354553223,0.0,0.0
S238A,11.23062515258789,717.8,2.8566
T88H,11.34487533569336,253.0,2.4048
