,ypred,ytrue,ylog
C239S,10.28441333770752,0.0,0.0
W159H,11.615894317626953,18.6,1.2923
M161A,10.831802368164062,17.5,1.2672
C203S,10.983267784118652,2.6,0.5563
S160A,10.478191375732422,2.3,0.5185
W159A,10.49578857421875,22.1,1.3636
I208A,10.87480640411377,19.5,1.3118
IsPETase_WT,10.941302299499512,200.0,2.3032
Y87A,11.535987854003906,89.4,1.9562
W185A,10.4850435256958,16.4,1.2405
S214H,10.512015342712402,54.2,1.7419
T88A,11.037577629089355,124.7,2.0993
