,ypred,ytrue,ylog
M161A,10.831169128417969,2.4,0.5315
S238A,11.230839729309082,3.8,0.6812
S238F,10.812268257141113,2.7,0.5682
Y87A,11.535368919372559,2.6,0.5563
H237A,10.453875541687012,0.1,0.0414
W185A,10.484378814697266,1.0,0.301
I208A,10.874192237854004,0.8,0.2553
C203A/C239A,10.194123268127441,1.0,0.301
W159A,10.495083808898926,1.0,0.301
N241A,10.402709007263184,0.9,0.2788
D206A,10.856537818908691,0.1,0.0414
R280A,12.103251457214355,6.2,0.8573
S160A,10.477578163146973,0.1,0.0414
IsPETase_WT,10.940657615661621,4.8,0.7634
W159H,11.615155220031738,2.7,0.5682
