,ypred,ytrue,ylog
D174S/D204P,13.869589805603027,9.5,1.0212
TfCut2_WT,13.105202674865723,0.25,0.0969
D174S,13.78856372833252,5.0,0.7782
D174S/D204P/S121P,13.397587776184082,11.0,1.0792
D174S/S121P,13.305755615234375,4.5,0.7404
D174S/D204P/S194P,14.192394256591797,10.0,1.0414
D174S/D204P/E202L,14.003045082092285,6.0,0.8451
D174S/E202L,13.942550659179688,2.5,0.5441
