,ypred,ytrue,ylog
W159H,11.615364074707031,5.2,0.7924
C203A/C239A,10.194374084472656,0.2,0.0792
I208A,10.874302864074707,0.8,0.2553
C239A,10.042813301086426,0.0,0.0
W97L,10.325530052185059,0.0,0.0
S238F,10.81238079071045,1.0,0.301
W185A,10.484580039978027,0.6,0.2041
M161A,10.831339836120605,1.0,0.301
Q182L,11.343871116638184,1.8,0.4472
A209I,10.861456871032715,3.1,0.6128
R123A,10.773106575012207,0.2,0.0792
N241A,10.402942657470703,0.2,0.0792
S214H,10.511448860168457,3.9,0.6902
W159A,10.49522876739502,2.9,0.5911
C203A,11.07982349395752,0.2,0.0792
Q119A,11.994427680969238,1.6,0.415
Y87A,11.535483360290527,6.4,0.8692
