,ypred,ytrue,ylog
L117F,11.78874683380127,5.5,0.8129
I208V,10.6201753616333,2.3,0.5185
A240P,10.98416805267334,2.1,0.4914
S238F,10.812908172607422,1.6,0.415
S238V,11.901222229003906,1.0,0.301
R90A,10.761558532714844,4.5,0.7404
IsPETase_WT,10.941299438476562,2.5,0.5441
S207T,11.04120922088623,1.3,0.3617
I208F,10.439753532409668,6.3,0.8633
