,ypred,ytrue,ylog
E110K/F105R/G180A/S156P/T297P,11.078831672668457,14.4,1.1875
Q134Y,9.825122833251953,5.4,0.8062
G179A,8.968255996704102,2.4,0.5315
E110K,9.451457023620605,6.6,0.8808
G178A,9.347831726074219,6.0,0.8451
A295C/L265C,9.103680610656738,2.4,0.5315
F105R,9.587373733520508,7.8,0.9445
A192P,9.20500659942627,1.8,0.4472
PET2_WT,9.251053810119629,4.8,0.7634
L298R,9.147744178771973,3.0,0.6021
E110K/F105R/S156P/T297P,10.354018211364746,9.6,1.0253
G177A,8.695582389831543,1.8,0.4472
D53P,9.791144371032715,5.4,0.8062
Q183R,9.007006645202637,6.6,0.8808
T297P,9.570218086242676,4.8,0.7634
E110K/F105R,9.789474487304688,8.4,0.9731
G89C/R47C,9.185250282287598,6.0,0.8451
S202Q,9.736166954040527,4.2,0.716
L298C/Y262C,9.094796180725098,3.0,0.6021
S156P,9.458511352539062,3.6,0.6628
W174H,9.394570350646973,1.8,0.4472
S155D,8.274022102355957,1.2,0.3424
E110K/F105R/G180A/G89C/R47C/S156P/T297P,10.921977043151855,15.6,1.2201
G180A,9.959207534790039,7.2,0.9138
