,ypred,ytrue,ylog
N365G,10.357413291931152,1242.9,3.0948
S335N,10.21292495727539,1372.8,3.1379
M363I,10.393257141113281,1451.6,3.1621
S220R,10.908894538879395,426.7,2.6311
L218T,10.324095726013184,445.2,2.6495
T338I,10.803729057312012,1400.6,3.1466
BbPETase_WT,10.536967277526855,723.5,2.86
