,ypred,ytrue,ylog
D186L,10.410720825195312,7.1,0.9085
D186F,10.41043472290039,14.4,1.1875
P181A,10.730616569519043,7.6,0.9345
P181G,11.083708763122559,1.7,0.4314
D186V,10.497056007385254,7.1,0.9085
D186H/R280A/S121E,11.121147155761719,120.9,2.086
D186H/S121D,10.613323211669922,38.4,1.5955
S121D,10.827953338623047,7.2,0.9138
D186H/S121E,9.95122241973877,52.2,1.7259
P181S,10.448540687561035,2.2,0.5051
D186H,10.725077629089355,19.7,1.316
D186H/R280A/S121D,11.810935974121094,93.6,1.9759
IsPETase_WT,10.942123413085938,8.7,0.9868
S121E,10.175339698791504,5.2,0.7924
D186H/P181A/S121E,9.74959945678711,19.8,1.3181
D186I,10.41291618347168,6.9,0.8976
D186H/P181A/S121D,10.413963317871094,25.3,1.42
