,ypred,ytrue,ylog
PHL7,10.431144714355469,75.0,1.8808
PHL6,5.241489410400391,5.0,0.7782
PHL4,6.996574401855469,1.0,0.301
PHL3,10.201685905456543,15.0,1.2041
PHL1,3.9630110263824463,0.5,0.1761
TfCut2_WT,13.128228187561035,4.0,0.699
PHL5,6.100132465362549,1.0,0.301
PHL2,3.7965691089630127,0.0,0.0
