,ypred,ytrue,ylog
D174C/D204C,13.67615032196045,0.2,0.0792
D204C/E253C,13.994804382324219,22.6,1.3729
D174R/D204C/E253C/G205D,14.237591743469238,22.3,1.3674
D174L/D204C/E253C,14.095995903015137,24.3,1.4031
D174R/D204C/E253C,14.216862678527832,25.2,1.4183
D174C/E253C,14.094413757324219,9.1,1.0043
D174A/D204C/E253C,14.160953521728516,23.6,1.3909
TfCut2_WT,13.10581111907959,0.2,0.0792
D174N/D204C/E253C,14.418327331542969,24.3,1.4031
