,ypred,ytrue,ylog
D238C/F243W/N246D/S283C,17.45556640625,22.9,1.3784
N246M,16.701093673706055,81.5,1.9165
D238C/S283C,18.260961532592773,100.2,2.0052
D238C/F243W/S283C/Y127G,17.67613410949707,75.9,1.8859
LCC_WT,17.16756248474121,81.9,1.9186
F243W,17.00739860534668,96.9,1.9908
T96M,16.492584228515625,59.3,1.7803
D238C/F243I/S283C/Y127G,17.763338088989258,82.0,1.9191
D238C/F243I/N246D/S283C,17.523927688598633,15.4,1.2148
D238C/F243W/S283C,18.103979110717773,80.0,1.9085
D238C/F243I/S283C/T96M,17.50113868713379,48.2,1.692
D238C/F243W/N246M/S283C,17.71553611755371,85.8,1.9385
N246D,16.389822006225586,85.4,1.9365
F243I,17.094266891479492,104.4,2.0228
D238C/F243I/N246M/S283C,17.81886863708496,96.4,1.9886
Y127G,16.72199058532715,54.5,1.7443
D238C/F243I/S283C/T96M,17.50113868713379,70.1,1.8519
D238C/F243I/S283C,18.211654663085938,100.0,2.0043
