,ypred,ytrue,ylog
Y89A,9.5772123336792,27.8,1.4594
W161H,9.707018852233887,122.3,2.091
L90T/W161H,9.54458236694336,50.3,1.7101
R288A,9.894814491271973,140.3,2.1501
T241S,8.79758358001709,0.0,0.0
L90T/R288A/W161H,10.259307861328125,163.6,2.2164
L90T/R288A,9.695728302001953,72.1,1.8639
SbPETase_WT,9.200812339782715,116.4,2.0697
V210I,9.667652130126953,55.5,1.752
W161A,8.827431678771973,0.0,0.0
T241F,8.957697868347168,0.0,0.0
L90T,8.979610443115234,71.3,1.8591
R288A/W161H,10.397475242614746,122.4,2.0913
