,ypred,ytrue,ylog
I178V,13.154223442077637,8.0,0.9542
TfCut2_WT,13.12859058380127,7.0,0.9031
G62A/I178V,14.06596851348877,19.0,1.301
G62A,14.069744110107422,19.0,1.301
G62A/I213S/T63D,13.540106773376465,18.0,1.2788
G62A/I213S,13.610688209533691,19.0,1.301
G62A/I178V/I213S,13.616279602050781,19.0,1.301
G62A/T63D,14.027366638183594,18.0,1.2788
I213S,12.663186073303223,8.0,0.9542
T63D,13.055554389953613,8.0,0.9542
G62A/I178V/I213S/T63D,13.523051261901855,17.0,1.2553
G62A/I178V/T63D,13.995906829833984,17.0,1.2553
