,ypred,ytrue,ylog
BhrPETase,15.838958740234375,6.25,0.8603
LCC_WT,17.163604736328125,5.75,0.8293
IsPETase_WT,10.94158935546875,2.25,0.5119
