,ypred,ytrue,ylog
V75H,17.38725471496582,31.6228,1.5
V202I,17.588836669921875,10.0,1.0
A59R/N248P/V63I,19.49262809753418,316.2278,2.5
N248P/V63I/V75R,19.272293090820312,316.2278,2.5
V75Y,17.172887802124023,10.0,1.0
A59H,17.580175399780273,177.8279,2.25
A59H/N248P/V75R,18.497922897338867,316.2278,2.5
A59H/N248P/V63I,18.636106491088867,31.6228,1.5
V150I,17.412710189819336,17.7828,1.25
R124Y,17.60581398010254,3.1623,0.5
V63L,18.74567413330078,31.6228,1.5
V75D,17.759992599487305,3.1623,0.5
V75W,17.49321746826172,3.1623,0.5
A90V,17.270814895629883,10.0,1.0
V68P,17.82029914855957,31.6228,1.5
A59K/N248P/V63I,19.30580711364746,316.2278,2.5
V63I,18.32826042175293,177.8279,2.25
LCC_ICCG,17.754751205444336,10.0,1.0
N248P,18.257741928100586,100.0,2.0
V68F,17.550689697265625,17.7828,1.25
A59R,18.422327041625977,316.2278,2.5
A162V,18.37649917602539,10.0,1.0
A59R/N248P/V75R,19.32520866394043,316.2278,2.5
V75F,17.728517532348633,17.7828,1.25
A59K/N248P/V75R,19.157014846801758,562.3413,2.75
L105F,16.51626968383789,17.7828,1.25
V75R,18.214628219604492,177.8279,2.25
A59E,18.419050216674805,10.0,1.0
V63P,18.60015869140625,31.6228,1.5
V68Y,17.47344207763672,31.6228,1.5
A162I,18.032861709594727,31.6228,1.5
A59K,18.273799896240234,316.2278,2.5
V75K,17.827539443969727,31.6228,1.5
N276P,17.521970748901367,5.6234,0.75
