,ypred,ytrue,ylog
PET30,-14.1327543258667,15.9,1.2279
PET27,-10.197559356689453,871.8,2.9409
IsPETase_WT,10.943032264709473,4055.0,3.6081
