,ypred,ytrue,ylog
D186H/P181V/R280A/S121E/S207R/S214Y,10.412158966064453,0.1,0.0414
D186H/N233C/P181V/Q119K/R280A/S121E/S207R/S213E/S214Y/S282C,13.22044849395752,0.25,0.0969
D186H/K252M/K95N/M154G/N212K/N233C/N241C/P181V/Q119K/Q182M/R224L/R280A/R90T/S121E/S207R/S213E/S214Y/S282C/S58A/S61V/T270Q,14.983845710754395,1.1,0.3222
D186H/R280A/S121E,11.131149291992188,0.05,0.0212
IsPETase_WT,10.951019287109375,0.01,0.0043
D186H/N212K/N233C/P181V/Q119K/Q182M/R224L/R280A/R90T/S121E/S207R/S213E/S214Y/S282C,14.2473726272583,0.8,0.2553
