,ypred,ytrue,ylog
IsPETase_WT,10.941097259521484,10.0,1.0414
A180I/F201I/G165A/I168R/K95N/L117F/Q119Y/R280A/R280A/S121E/S188Q/S214H/T140D/W159H,16.156911849975586,30.0,1.4914
A180I/G165A/I168R/L117F/Q119Y/R280A/S188Q/S214H/T140D/W159H,16.7056884765625,70.0,1.8513
D186H/F201I/K95N/R280A/S121E,11.278048515319824,50.0,1.7076
A180I/G165A/I168R/L117F/N233C/Q119Y/R280A/S188Q/S214H/S282C/T140D/W159H,18.130937576293945,400.0,2.6031
D186H/N233C/R280A/S121E/S282C,12.687565803527832,70.0,1.8513
A180I/F201I/G165A/I168R/K95N/L117F/N233C/Q119Y/R280A/R280A/S121E/S188Q/S214H/S282C/T140D/W159H,17.59492301940918,120.0,2.0828
D186H/R280A/S121E,11.121421813964844,20.0,1.3222
D186H/F201I/K95N/N233C/R280A/S121E/S282C,12.8785982131958,400.0,2.6031
