,ypred,ytrue,ylog
F220I/PbPL_H216S,9.931768417358398,47.6,1.6866
IsPETase_WT,10.956961631774902,106.8,2.0326
F228I/TfCut_H224S,13.090343475341797,200.0,2.3032
BurPL,10.580355644226074,29.5,1.4843
F200I/OaPL_H196S,7.7525153160095215,0.0,0.0
OaPL,6.810607433319092,0.0,0.0
PbPL_H216S,9.851146697998047,2.7,0.5682
LCC_WT,17.284242630004883,1440.0,3.1587
BurPL_H344S/F348I,11.080306053161621,95.8,1.9859
I218F/IsPETase_S214H,10.45082950592041,7.3,0.9191
F229I/PpPL_H225S,9.278237342834473,0.0,0.0
CtPL_H210S/F214I,9.671059608459473,30.0,1.4914
PbPL_F220I,9.338592529296875,5.2,0.7924
PET2,9.29345703125,20.0,1.3222
TfCut_WT,13.2199125289917,75.0,1.8808
CtPL,9.50976848602295,4.0,0.699
PbPL,9.254043579101562,5.5,0.8129
BurPL_F348I,10.53637981414795,38.4,1.5955
BurPL_H344S,11.12152099609375,4.6,0.7482
PpPL,8.352590560913086,5.0,0.7782
F222I/LCC_H218S,17.297101974487305,1340.0,3.1274
F233I/PET2_H229S,10.335413932800293,35.0,1.5563
