,ypred,ytrue,ylog
PETcan703,14.123942375183105,500.0,2.6998
PETcan605,1.4407709836959839,0.0,0.0
PETcan602,12.591029167175293,28.14,1.4645
PETcan604,9.201691627502441,0.0,0.0
PETcan701,13.819256782531738,500.0,2.6998
LCC_WT,18.020132064819336,500.0,2.6998
PETcan702,14.700533866882324,170.11,2.2333
PETcan403,6.645544052124023,1.74,0.4378
TfCut_WT,13.731877326965332,285.58,2.4572
LCC_ICCG,18.541860580444336,500.0,2.6998
PETcan717,10.142776489257812,2.05,0.4843
PETcan705,15.046143531799316,500.0,2.6998
PETcan601,12.630009651184082,500.0,2.6998
PETcan610,8.091622352600098,0.0,0.0
PETcan714,13.485218048095703,500.0,2.6998
PETcan606,11.772290229797363,66.91,1.8319
PETcan611,14.575733184814453,500.0,2.6998
PETcan706,14.459416389465332,500.0,2.6998
PETcan410,10.704394340515137,1.19,0.3404
PETcan503,11.340161323547363,3.68,0.6702
PETcan711,9.294795036315918,13.55,1.1629
PETcan409,9.107232093811035,9.82,1.0342
IsPETase_DM,13.538887023925781,463.79,2.6673
PETcan406,9.57669448852539,1.49,0.3962
PETcan407,11.858174324035645,75.09,1.8813
PETcan704,14.31762981414795,500.0,2.6998
PETcan716,14.88815975189209,500.0,2.6998
PETcan712,6.919505596160889,0.0,0.0
PETcan412,10.147492408752441,2.24,0.5105
PETcan504,11.383216857910156,305.53,2.4865
PETcan501,14.943756103515625,500.0,2.6998
PETcan608,4.225175380706787,0.0,0.0
PETcan402,8.17940902709961,0.0,0.0
IsPETase_WT,9.88710880279541,116.96,2.0717
PETcan707,11.852108001708984,2.54,0.549
PETcan405,9.761085510253906,1.91,0.4639
PET2_WT,7.197309970855713,1.61,0.4166
PETcan713,7.5258355140686035,0.0,0.0
PETcan709,12.09725284576416,0.0,0.0
PETcan710,8.163580894470215,0.0,0.0
LCC_WCCG,15.96389389038086,500.0,2.6998
PETcan715,13.949662208557129,500.0,2.6998
PETcan708,9.53385066986084,12.55,1.1319
