,ypred,ytrue,ylog
F209A/H129W,12.50525951385498,0.1,0.0414
F209A/G62A,14.29234790802002,15.0,1.2041
TfCut2_WT,13.26054859161377,2.4,0.5315
G62A,14.202911376953125,5.3,0.7993
F209A,13.340423583984375,7.2,0.9138
F209S/G62A,13.983055114746094,8.1,0.959
H129A,12.659248352050781,0.1,0.0414
F209S,13.061814308166504,5.4,0.8062
H129W,12.412010192871094,3.7,0.6721
G62A/H129W,13.382598876953125,6.1,0.8513
F209S/H129W,12.22048282623291,3.7,0.6721
