,ypred,ytrue,ylog
G86E,10.814244270324707,0.0,0.0
A209E,11.478134155273438,6.3,0.8633
Y87E,11.250408172607422,6.3,0.8633
A89H,10.973139762878418,31.6,1.5132
I208Q,11.074981689453125,3.2,0.6232
S238A,11.23818302154541,717.8,2.8566
T88F/Y87D,11.310818672180176,0.0,0.0
Y87H,11.601052284240723,63.2,1.8075
M161Q,10.822239875793457,22.1,1.3636
A209S,11.927508354187012,117.0,2.0719
W185T,11.119921684265137,9.5,1.0212
IsPETase_WT,10.94800853729248,461.7,2.6653
T88H,11.351168632507324,253.0,2.4048
A89S,12.051017761230469,461.7,2.6653
