,ypred,ytrue,ylog
Y87A,11.546401977539062,89.4,1.9562
S214H,10.525424003601074,54.2,1.7419
I208A,10.88571834564209,19.5,1.3118
T88A,11.048431396484375,124.7,2.0993
IsPETase_WT,10.9525785446167,200.0,2.3032
W185A,10.495816230773926,16.4,1.2405
C203S,10.996050834655762,2.6,0.5563
W159A,10.507977485656738,22.1,1.3636
S160A,10.489992141723633,2.3,0.5185
M161A,10.842720985412598,17.5,1.2672
W159H,11.628867149353027,18.6,1.2923
C239S,10.300024032592773,0.0,0.0
