,ypred,ytrue,ylog
N241A,10.404562950134277,0.9,0.2788
H237A,10.455463409423828,0.1,0.0414
W159A,10.497880935668945,1.0,0.301
IsPETase_WT,10.942584037780762,4.8,0.7634
C203A/C239A,10.200936317443848,1.0,0.301
R280A,12.104769706726074,6.2,0.8573
S238F,10.8158597946167,2.7,0.5682
Y87A,11.53663158416748,2.6,0.5563
S238A,11.23294448852539,3.8,0.6812
D206A,10.858078956604004,0.1,0.0414
S160A,10.480134963989258,0.1,0.0414
W159H,11.618431091308594,2.7,0.5682
I208A,10.875889778137207,0.8,0.2553
W185A,10.486236572265625,1.0,0.301
M161A,10.832905769348145,2.4,0.5315
