,ypred,ytrue,ylog
D174S/D204P/S121P,13.512200355529785,11.0,1.0792
D174S/D204P/S194P,14.304471015930176,10.0,1.0414
D174S/D204P/E202L,14.117019653320312,6.0,0.8451
D174S/E202L,14.05717945098877,2.5,0.5441
TfCut2_WT,13.220882415771484,0.25,0.0969
D174S/D204P,13.9844970703125,9.5,1.0212
D174S/S121P,13.421016693115234,4.5,0.7404
D174S,13.904098510742188,5.0,0.7782
