,ypred,ytrue,ylog
S238F,10.814980506896973,1.0,0.301
Q182L,11.346295356750488,1.8,0.4472
A209I,10.860546112060547,3.1,0.6128
W159A,10.496539115905762,2.9,0.5911
Y87A,11.535270690917969,6.4,0.8692
W97L,10.328667640686035,0.0,0.0
R123A,10.773712158203125,0.2,0.0792
W159H,11.617911338806152,5.2,0.7924
M161A,10.831143379211426,1.0,0.301
C239A,10.046432495117188,0.0,0.0
C203A/C239A,10.201727867126465,0.2,0.0792
I208A,10.874186515808105,0.8,0.2553
C203A,11.08414077758789,0.2,0.0792
Q119A,11.994010925292969,1.6,0.415
S214H,10.51410961151123,3.9,0.6902
N241A,10.40302562713623,0.2,0.0792
W185A,10.48460578918457,0.6,0.2041
