,ypred,ytrue,ylog
I208F,10.435269355773926,6.3,0.8633
S207T,11.036262512207031,1.3,0.3617
R90A,10.758125305175781,4.5,0.7404
IsPETase_WT,10.936741828918457,2.5,0.5441
A240P,10.981236457824707,2.1,0.4914
S238V,11.895236015319824,1.0,0.301
S238F,10.810320854187012,1.6,0.415
L117F,11.784070014953613,5.5,0.8129
I208V,10.616737365722656,2.3,0.5185
