,ypred,ytrue,ylog
PET2_WT,9.242042541503906,4.8,0.7634
S202Q,9.72826862335205,4.2,0.716
E110K/F105R/S156P/T297P,10.344134330749512,9.6,1.0253
G178A,9.338775634765625,6.0,0.8451
A192P,9.196070671081543,1.8,0.4472
Q183R,8.99845027923584,6.6,0.8808
L298R,9.13814926147461,3.0,0.6021
E110K,9.442023277282715,6.6,0.8808
D53P,9.781146049499512,5.4,0.8062
E110K/F105R/G180A/S156P/T297P,11.068924903869629,14.4,1.1875
E110K/F105R/G180A/G89C/R47C/S156P/T297P,10.91386890411377,15.6,1.2201
A295C/L265C,9.094861030578613,2.4,0.5315
G179A,8.959261894226074,2.4,0.5315
W174H,9.387505531311035,1.8,0.4472
T297P,9.560811042785645,4.8,0.7634
G180A,9.950093269348145,7.2,0.9138
Q134Y,9.815986633300781,5.4,0.8062
G177A,8.686694145202637,1.8,0.4472
S155D,8.265003204345703,1.2,0.3424
S156P,9.450060844421387,3.6,0.6628
F105R,9.577720642089844,7.8,0.9445
G89C/R47C,9.177960395812988,6.0,0.8451
E110K/F105R,9.779373168945312,8.4,0.9731
L298C/Y262C,9.085626602172852,3.0,0.6021
