,ypred,ytrue,ylog
M363I,10.404509544372559,1451.6,3.1621
BbPETase_WT,10.547638893127441,723.5,2.86
T338I,10.815125465393066,1400.6,3.1466
L218T,10.336838722229004,445.2,2.6495
S220R,10.918709754943848,426.7,2.6311
S335N,10.2239351272583,1372.8,3.1379
N365G,10.368334770202637,1242.9,3.0948
