,ypred,ytrue,ylog
D186H/S121D,10.61348819732666,38.4,1.5955
IsPETase_WT,10.9417724609375,8.7,0.9868
D186H/R280A/S121D,11.81067180633545,93.6,1.9759
D186H/P181A/S121D,10.414241790771484,25.3,1.42
P181G,11.083664894104004,1.7,0.4314
D186F,10.41064739227295,14.4,1.1875
P181A,10.730545997619629,7.6,0.9345
D186I,10.413115501403809,6.9,0.8976
D186H/S121E,9.951851844787598,52.2,1.7259
D186H,10.725127220153809,19.7,1.316
S121D,10.827777862548828,7.2,0.9138
P181S,10.448954582214355,2.2,0.5051
D186V,10.497448921203613,7.1,0.9085
S121E,10.175625801086426,5.2,0.7924
D186H/P181A/S121E,9.75048542022705,19.8,1.3181
D186L,10.410930633544922,7.1,0.9085
D186H/R280A/S121E,11.121333122253418,120.9,2.086
