,ypred,ytrue,ylog
TfCut2_WT,13.28159236907959,4.0,0.699
PHL2,3.8987224102020264,0.0,0.0
PHL4,7.0666069984436035,1.0,0.301
PHL3,10.296692848205566,15.0,1.2041
PHL5,6.17242431640625,1.0,0.301
PHL6,5.314062595367432,5.0,0.7782
PHL1,4.070822238922119,0.5,0.1761
PHL7,10.525178909301758,75.0,1.8808
