,ypred,ytrue,ylog
D174C/E253C,14.26050853729248,9.1,1.0043
TfCut2_WT,13.279500007629395,0.2,0.0792
D204C/E253C,14.160969734191895,22.6,1.3729
D174R/D204C/E253C,14.378727912902832,25.2,1.4183
D174A/D204C/E253C,14.324207305908203,23.6,1.3909
D174C/D204C,13.847760200500488,0.2,0.0792
D174L/D204C/E253C,14.261016845703125,24.3,1.4031
D174N/D204C/E253C,14.583409309387207,24.3,1.4031
D174R/D204C/E253C/G205D,14.400775909423828,22.3,1.3674
