,ypred,ytrue,ylog
D238C/F243W/S283C/Y127G,17.829328536987305,75.9,1.8859
N246M,16.855674743652344,81.5,1.9165
D238C/F243I/S283C,18.365591049194336,100.0,2.0043
D238C/F243W/N246M/S283C,17.86866569519043,85.8,1.9385
F243W,17.161272048950195,96.9,1.9908
LCC_WT,17.322954177856445,81.9,1.9186
D238C/F243I/S283C/T96M,17.652570724487305,48.2,1.692
D238C/F243W/N246D/S283C,17.60893440246582,22.9,1.3784
T96M,16.645790100097656,59.3,1.7803
F243I,17.24786949157715,104.4,2.0228
D238C/F243I/N246D/S283C,17.677095413208008,15.4,1.2148
D238C/F243I/N246M/S283C,17.971553802490234,96.4,1.9886
N246D,16.544538497924805,85.4,1.9365
D238C/S283C,18.416711807250977,100.2,2.0052
D238C/F243W/S283C,18.258028030395508,80.0,1.9085
Y127G,16.87664222717285,54.5,1.7443
D238C/F243I/S283C/Y127G,17.916305541992188,82.0,1.9191
D238C/F243I/S283C/T96M,17.652570724487305,70.1,1.8519
