,ypred,ytrue,ylog
W161A,8.844573020935059,0.0,0.0
L90T/R288A,9.712604522705078,72.1,1.8639
V210I,9.682543754577637,55.5,1.752
R288A/W161H,10.414115905761719,122.4,2.0913
T241S,8.814301490783691,0.0,0.0
L90T/R288A/W161H,10.2771635055542,163.6,2.2164
R288A,9.910355567932129,140.3,2.1501
L90T/W161H,9.562967300415039,50.3,1.7101
Y89A,9.593659400939941,27.8,1.4594
SbPETase_WT,9.216853141784668,116.4,2.0697
T241F,8.974230766296387,0.0,0.0
L90T,8.99701976776123,71.3,1.8591
W161H,9.724104881286621,122.3,2.091
