,ypred,ytrue,ylog
TfCut2_WT,13.246581077575684,7.0,0.9031
G62A/I178V/I213S,13.740013122558594,19.0,1.301
G62A/I178V,14.186161994934082,19.0,1.301
G62A,14.18902587890625,19.0,1.301
G62A/I213S/T63D,13.66345500946045,18.0,1.2788
I178V,13.273067474365234,8.0,0.9542
G62A/T63D,14.147149085998535,18.0,1.2788
G62A/I213S,13.733539581298828,19.0,1.301
T63D,13.17404556274414,8.0,0.9542
G62A/I178V/T63D,14.116602897644043,17.0,1.2553
G62A/I178V/I213S/T63D,13.647354125976562,17.0,1.2553
I213S,12.784626960754395,8.0,0.9542
