,ypred,ytrue,ylog
IsPETase_WT,10.944798469543457,2.25,0.5119
BhrPETase,15.997203826904297,6.25,0.8603
LCC_WT,17.32258415222168,5.75,0.8293
