,ypred,ytrue,ylog
LCC_ICCG,17.886756896972656,10.0,1.0
A59H,17.711156845092773,177.8279,2.25
A59K/N248P/V63I,19.43616485595703,316.2278,2.5
A162V,18.506601333618164,10.0,1.0
A59R/N248P/V63I,19.62311363220215,316.2278,2.5
V75D,17.892175674438477,3.1623,0.5
A59H/N248P/V63I,18.766050338745117,31.6228,1.5
V63P,18.731712341308594,31.6228,1.5
V202I,17.720441818237305,10.0,1.0
R124Y,17.73676109313965,3.1623,0.5
A59K/N248P/V75R,19.287391662597656,562.3413,2.75
V75Y,17.3055362701416,10.0,1.0
N248P/V63I/V75R,19.402822494506836,316.2278,2.5
V75K,17.95862579345703,31.6228,1.5
A59H/N248P/V75R,18.627952575683594,316.2278,2.5
L105F,16.647443771362305,17.7828,1.25
V63L,18.876619338989258,31.6228,1.5
V68P,17.95118522644043,31.6228,1.5
N276P,17.654197692871094,5.6234,0.75
V75R,18.346330642700195,177.8279,2.25
V75F,17.860639572143555,17.7828,1.25
V68Y,17.604589462280273,31.6228,1.5
A162I,18.16319465637207,31.6228,1.5
A59K,18.40515899658203,316.2278,2.5
A90V,17.402069091796875,10.0,1.0
V68F,17.682077407836914,17.7828,1.25
V75H,17.519254684448242,31.6228,1.5
V75W,17.62495994567871,3.1623,0.5
A59R/N248P/V75R,19.4558048248291,316.2278,2.5
A59R,18.553796768188477,316.2278,2.5
V63I,18.4598388671875,177.8279,2.25
N248P,18.389244079589844,100.0,2.0
V150I,17.542495727539062,17.7828,1.25
A59E,18.54962730407715,10.0,1.0
