,ypred,ytrue,ylog
PET30,-14.092315673828125,15.9,1.2279
IsPETase_WT,10.951309204101562,4055.0,3.6081
PET27,-10.14418888092041,871.8,2.9409
