,ypred,ytrue,ylog
A180I/F201I/G165A/I168R/K95N/L117F/Q119Y/R280A/R280A/S121E/S188Q/S214H/T140D/W159H,16.1800479888916,30.0,1.4914
D186H/N233C/R280A/S121E/S282C,12.70439624786377,70.0,1.8513
D186H/F201I/K95N/R280A/S121E,11.29431438446045,50.0,1.7076
D186H/R280A/S121E,11.137595176696777,20.0,1.3222
A180I/F201I/G165A/I168R/K95N/L117F/N233C/Q119Y/R280A/R280A/S121E/S188Q/S214H/S282C/T140D/W159H,17.618799209594727,120.0,2.0828
D186H/F201I/K95N/N233C/R280A/S121E/S282C,12.895546913146973,400.0,2.6031
A180I/G165A/I168R/L117F/Q119Y/R280A/S188Q/S214H/T140D/W159H,16.727996826171875,70.0,1.8513
A180I/G165A/I168R/L117F/N233C/Q119Y/R280A/S188Q/S214H/S282C/T140D/W159H,18.154020309448242,400.0,2.6031
IsPETase_WT,10.954472541809082,10.0,1.0414
