,ypred,ytrue,ylog
BurPL,10.619847297668457,29.5,1.4843
LCC_WT,17.341283798217773,1440.0,3.1587
F200I/OaPL_H196S,7.762655258178711,0.0,0.0
PET2,9.32605266571045,20.0,1.3222
F228I/TfCut_H224S,13.187592506408691,200.0,2.3032
PbPL,9.289925575256348,5.5,0.8129
TfCut_WT,13.319690704345703,75.0,1.8808
F220I/PbPL_H216S,9.96658992767334,47.6,1.6866
BurPL_F348I,10.575871467590332,38.4,1.5955
IsPETase_WT,10.974268913269043,106.8,2.0326
F229I/PpPL_H225S,9.304793357849121,0.0,0.0
CtPL_H210S/F214I,9.747838020324707,30.0,1.4914
BurPL_H344S,11.16012954711914,4.6,0.7482
PbPL_F220I,9.374073028564453,5.2,0.7924
I218F/IsPETase_S214H,10.469216346740723,7.3,0.9191
PpPL,8.380456924438477,5.0,0.7782
CtPL,9.588858604431152,4.0,0.699
PbPL_H216S,9.886252403259277,2.7,0.5682
OaPL,6.821916580200195,0.0,0.0
F222I/LCC_H218S,17.352445602416992,1340.0,3.1274
BurPL_H344S/F348I,11.118878364562988,95.8,1.9859
F233I/PET2_H229S,10.366427421569824,35.0,1.5563
