,ypred,ytrue,ylog
PETcan713,7.903554439544678,0.0,0.0
PETcan712,7.356941223144531,0.0,0.0
PETcan606,12.02154541015625,66.91,1.8319
TfCut_WT,14.143038749694824,285.58,2.4572
PETcan707,11.870017051696777,2.54,0.549
PETcan714,13.500325202941895,500.0,2.6998
PETcan605,1.7737928628921509,0.0,0.0
PETcan407,12.245491981506348,75.09,1.8813
PETcan711,9.509632110595703,13.55,1.1629
PETcan501,15.371935844421387,500.0,2.6998
IsPETase_WT,9.10839557647705,116.96,2.0717
PETcan705,15.165392875671387,500.0,2.6998
PETcan409,9.61440658569336,9.82,1.0342
IsPETase_DM,12.714935302734375,463.79,2.6673
PETcan708,9.674415588378906,12.55,1.1319
PETcan716,15.054713249206543,500.0,2.6998
PETcan412,10.622403144836426,2.24,0.5105
PETcan405,10.313446044921875,1.91,0.4639
PETcan402,7.457950115203857,0.0,0.0
PETcan611,14.678753852844238,500.0,2.6998
PETcan608,4.57290506362915,0.0,0.0
PET2_WT,6.714270114898682,1.61,0.4166
PETcan701,13.8374605178833,500.0,2.6998
PETcan706,14.574066162109375,500.0,2.6998
PETcan410,11.236953735351562,1.19,0.3404
PETcan704,14.402905464172363,500.0,2.6998
PETcan703,14.14897632598877,500.0,2.6998
LCC_ICCG,19.338623046875,500.0,2.6998
PETcan602,12.907574653625488,28.14,1.4645
LCC_WCCG,16.3366641998291,500.0,2.6998
PETcan710,8.409332275390625,0.0,0.0
PETcan503,11.719592094421387,3.68,0.6702
PETcan601,12.92728042602539,500.0,2.6998
PETcan403,5.9968390464782715,1.74,0.4378
PETcan406,9.602828025817871,1.49,0.3962
PETcan715,13.947365760803223,500.0,2.6998
PETcan717,10.343857765197754,2.05,0.4843
PETcan604,9.578694343566895,0.0,0.0
PETcan709,12.325111389160156,0.0,0.0
PETcan610,8.245345115661621,0.0,0.0
PETcan504,10.522903442382812,305.53,2.4865
LCC_WT,18.87370491027832,500.0,2.6998
PETcan702,14.726268768310547,170.11,2.2333
