,ypred,ytrue,ylog
F209S/H129W,12.396408081054688,3.7,0.6721
F209A/H129W,12.680831909179688,0.1,0.0414
H129W,12.590141296386719,3.7,0.6721
H129A,12.840084075927734,0.1,0.0414
G62A,14.385899543762207,5.3,0.7993
F209S/G62A,14.16368579864502,8.1,0.959
F209A,13.519145965576172,7.2,0.9138
F209S,13.240662574768066,5.4,0.8062
TfCut2_WT,13.441673278808594,2.4,0.5315
F209A/G62A,14.472732543945312,15.0,1.2041
G62A/H129W,13.562504768371582,6.1,0.8513
