,ypred,ytrue,ylog
A209E,11.452228546142578,6.3,0.8633
A89H,10.948683738708496,31.6,1.5132
A89S,12.025437355041504,461.7,2.6653
T88H,11.324213981628418,253.0,2.4048
Y87E,11.224376678466797,6.3,0.8633
G86E,10.787959098815918,0.0,0.0
A209S,11.901789665222168,117.0,2.0719
T88F/Y87D,11.284300804138184,0.0,0.0
IsPETase_WT,10.92275333404541,461.7,2.6653
M161Q,10.799481391906738,22.1,1.3636
I208Q,11.049960136413574,3.2,0.6232
W185T,11.094947814941406,9.5,1.0212
S238A,11.213906288146973,717.8,2.8566
Y87H,11.574450492858887,63.2,1.8075
