,ypred,ytrue,ylog
I208A,10.929585456848145,19.5,1.3118
S160A,10.535194396972656,2.3,0.5185
S214H,10.571415901184082,54.2,1.7419
W185A,10.54043197631836,16.4,1.2405
W159H,11.67436695098877,18.6,1.2923
IsPETase_WT,10.99718952178955,200.0,2.3032
C239S,10.346796989440918,0.0,0.0
Y87A,11.590930938720703,89.4,1.9562
M161A,10.887417793273926,17.5,1.2672
W159A,10.552546501159668,22.1,1.3636
T88A,11.092900276184082,124.7,2.0993
C203S,11.040852546691895,2.6,0.5563
