,ypred,ytrue,ylog
C203A/C239A,10.18986988067627,1.0,0.301
S160A,10.463813781738281,0.1,0.0414
H237A,10.439013481140137,0.1,0.0414
D206A,10.841679573059082,0.1,0.0414
S238A,11.216204643249512,3.8,0.6812
W159A,10.48269271850586,1.0,0.301
N241A,10.387434005737305,0.9,0.2788
R280A,12.08940601348877,6.2,0.8573
W159H,11.604157447814941,2.7,0.5682
I208A,10.859809875488281,0.8,0.2553
IsPETase_WT,10.926344871520996,4.8,0.7634
M161A,10.81699275970459,2.4,0.5315
W185A,10.469698905944824,1.0,0.301
S238F,10.801037788391113,2.7,0.5682
Y87A,11.520565032958984,2.6,0.5563
