,ypred,ytrue,ylog
D174S/S121P,13.733906745910645,4.5,0.7404
D174S/D204P,14.294293403625488,9.5,1.0212
D174S,14.21733570098877,5.0,0.7782
D174S/D204P/E202L,14.424113273620605,6.0,0.8451
D174S/E202L,14.36795711517334,2.5,0.5441
TfCut2_WT,13.53488826751709,0.25,0.0969
D174S/D204P/S121P,13.821751594543457,11.0,1.0792
D174S/D204P/S194P,14.608891487121582,10.0,1.0414
