,ypred,ytrue,ylog
W159H,11.592123985290527,5.2,0.7924
W185A,10.45556926727295,0.6,0.2041
C239A,10.021801948547363,0.0,0.0
N241A,10.37576961517334,0.2,0.0792
Q119A,11.965420722961426,1.6,0.415
S214H,10.488397598266602,3.9,0.6902
Y87A,11.50805950164795,6.4,0.8692
M161A,10.80324935913086,1.0,0.301
Q182L,11.32040023803711,1.8,0.4472
C203A/C239A,10.1812105178833,0.2,0.0792
A209I,10.83028793334961,3.1,0.6128
W159A,10.469680786132812,2.9,0.5911
R123A,10.745959281921387,0.2,0.0792
S238F,10.78964900970459,1.0,0.301
W97L,10.30524730682373,0.0,0.0
C203A,11.060673713684082,0.2,0.0792
I208A,10.8457670211792,0.8,0.2553
