,ypred,ytrue,ylog
IsPETase_WT,10.925475120544434,2.5,0.5441
I208V,10.605633735656738,2.3,0.5185
S238F,10.801737785339355,1.6,0.415
R90A,10.748440742492676,4.5,0.7404
L117F,11.772847175598145,5.5,0.8129
A240P,10.972676277160645,2.1,0.4914
S207T,11.02491283416748,1.3,0.3617
S238V,11.882750511169434,1.0,0.301
I208F,10.423076629638672,6.3,0.8633
