,ypred,ytrue,ylog
G179A,8.970227241516113,2.4,0.5315
Q183R,9.010211944580078,6.6,0.8808
G177A,8.698137283325195,1.8,0.4472
E110K/F105R/G180A/S156P/T297P,11.0775785446167,14.4,1.1875
S155D,8.276225090026855,1.2,0.3424
L298R,9.148180961608887,3.0,0.6021
D53P,9.78946590423584,5.4,0.8062
A192P,9.207298278808594,1.8,0.4472
Q134Y,9.826510429382324,5.4,0.8062
T297P,9.571186065673828,4.8,0.7634
G89C/R47C,9.19112777709961,6.0,0.8451
E110K/F105R/S156P/T297P,10.35328483581543,9.6,1.0253
S156P,9.461503028869629,3.6,0.6628
E110K,9.451606750488281,6.6,0.8808
G178A,9.349658012390137,6.0,0.8451
E110K/F105R,9.787882804870605,8.4,0.9731
E110K/F105R/G180A/G89C/R47C/S156P/T297P,10.925353050231934,15.6,1.2201
A295C/L265C,9.105406761169434,2.4,0.5315
S202Q,9.740647315979004,4.2,0.716
F105R,9.58731460571289,7.8,0.9445
G180A,9.960281372070312,7.2,0.9138
W174H,9.400835990905762,1.8,0.4472
L298C/Y262C,9.096212387084961,3.0,0.6021
PET2_WT,9.25266170501709,4.8,0.7634
