,ypred,ytrue,ylog
T338I,10.858952522277832,1400.6,3.1466
BbPETase_WT,10.589871406555176,723.5,2.86
S220R,10.960171699523926,426.7,2.6311
M363I,10.447430610656738,1451.6,3.1621
S335N,10.266600608825684,1372.8,3.1379
N365G,10.410706520080566,1242.9,3.0948
L218T,10.38122272491455,445.2,2.6495
