,ypred,ytrue,ylog
IsPETase_WT,10.96522045135498,8.7,0.9868
D186H/R280A/S121D,11.834063529968262,93.6,1.9759
D186V,10.520827293395996,7.1,0.9085
D186H/R280A/S121E,11.145713806152344,120.9,2.086
D186H/S121D,10.636483192443848,38.4,1.5955
D186H/S121E,9.975850105285645,52.2,1.7259
P181S,10.472735404968262,2.2,0.5051
D186F,10.434271812438965,14.4,1.1875
D186H/P181A/S121E,9.77458667755127,19.8,1.3181
D186H/P181A/S121D,10.437374114990234,25.3,1.42
D186L,10.434555053710938,7.1,0.9085
S121D,10.851069450378418,7.2,0.9138
D186H,10.748372077941895,19.7,1.316
S121E,10.199843406677246,5.2,0.7924
P181A,10.754071235656738,7.6,0.9345
P181G,11.10635757446289,1.7,0.4314
D186I,10.436724662780762,6.9,0.8976
