,ypred,ytrue,ylog
PHL6,5.349935531616211,5.0,0.7782
PHL7,10.602596282958984,75.0,1.8808
PHL4,7.100687503814697,1.0,0.301
PHL3,10.373773574829102,15.0,1.2041
PHL2,3.9775044918060303,0.0,0.0
PHL5,6.208184719085693,1.0,0.301
PHL1,4.160350799560547,0.5,0.1761
TfCut2_WT,13.42214298248291,4.0,0.699
