,ypred,ytrue,ylog
D174C/E253C,14.387638092041016,9.1,1.0043
D174C/D204C,13.978394508361816,0.2,0.0792
D174R/D204C/E253C/G205D,14.527179718017578,22.3,1.3674
D174A/D204C/E253C,14.449507713317871,23.6,1.3909
D174N/D204C/E253C,14.709864616394043,24.3,1.4031
D174R/D204C/E253C,14.504338264465332,25.2,1.4183
D174L/D204C/E253C,14.387486457824707,24.3,1.4031
D204C/E253C,14.288581848144531,22.6,1.3729
TfCut2_WT,13.411175727844238,0.2,0.0792
