,ypred,ytrue,ylog
T96M,16.798124313354492,59.3,1.7803
N246M,17.008161544799805,81.5,1.9165
D238C/F243I/S283C/T96M,17.80091094970703,48.2,1.692
D238C/F243W/N246M/S283C,18.017457962036133,85.8,1.9385
D238C/F243I/S283C,18.51540184020996,100.0,2.0043
D238C/S283C,18.568082809448242,100.2,2.0052
D238C/F243W/N246D/S283C,17.757339477539062,22.9,1.3784
D238C/F243I/S283C/T96M,17.80091094970703,70.1,1.8519
D238C/F243I/S283C/Y127G,18.06560516357422,82.0,1.9191
F243I,17.39986228942871,104.4,2.0228
D238C/F243W/S283C/Y127G,17.9788761138916,75.9,1.8859
D238C/F243W/S283C,18.407917022705078,80.0,1.9085
Y127G,17.030061721801758,54.5,1.7443
D238C/F243I/N246D/S283C,17.82530403137207,15.4,1.2148
F243W,17.31361198425293,96.9,1.9908
LCC_WT,17.47657585144043,81.9,1.9186
N246D,16.69658851623535,85.4,1.9365
D238C/F243I/N246M/S283C,18.11994743347168,96.4,1.9886
