,ypred,ytrue,ylog
L90T,9.0450439453125,71.3,1.8591
SbPETase_WT,9.262393951416016,116.4,2.0697
W161H,9.77137279510498,122.3,2.091
L90T/W161H,9.612622261047363,50.3,1.7101
L90T/R288A,9.760729789733887,72.1,1.8639
R288A,9.956011772155762,140.3,2.1501
Y89A,9.640152931213379,27.8,1.4594
L90T/R288A/W161H,10.326926231384277,163.6,2.2164
V210I,9.725552558898926,55.5,1.752
R288A/W161H,10.461596488952637,122.4,2.0913
T241F,9.021367073059082,0.0,0.0
W161A,8.89148235321045,0.0,0.0
T241S,8.86112117767334,0.0,0.0
