,ypred,ytrue,ylog
G62A/I178V/I213S/T63D,13.779168128967285,17.0,1.2553
G62A/I213S/T63D,13.793059349060059,18.0,1.2788
T63D,13.296478271484375,8.0,0.9542
G62A/I178V/T63D,14.243573188781738,17.0,1.2553
G62A,14.313801765441895,19.0,1.301
I213S,12.911263465881348,8.0,0.9542
G62A/I178V,14.31296443939209,19.0,1.301
I178V,13.397315979003906,8.0,0.9542
TfCut2_WT,13.36894702911377,7.0,0.9031
G62A/I178V/I213S,13.871844291687012,19.0,1.301
G62A/T63D,14.272071838378906,18.0,1.2788
G62A/I213S,13.862935066223145,19.0,1.301
