,ypred,ytrue,ylog
LCC_WT,17.493589401245117,5.75,0.8293
BhrPETase,16.16547966003418,6.25,0.8603
IsPETase_WT,10.903887748718262,2.25,0.5119
