,ypred,ytrue,ylog
V68F,17.91764259338379,17.7828,1.25
A90V,17.638473510742188,10.0,1.0
A59H/N248P/V75R,18.862342834472656,316.2278,2.5
N276P,17.890602111816406,5.6234,0.75
A59E,18.784324645996094,10.0,1.0
A162V,18.74102210998535,10.0,1.0
A59K/N248P/V75R,19.5211238861084,562.3413,2.75
R124Y,17.971534729003906,3.1623,0.5
V63P,18.96721839904785,31.6228,1.5
V75K,18.194053649902344,31.6228,1.5
V202I,17.957054138183594,10.0,1.0
V75D,18.1287899017334,3.1623,0.5
V68Y,17.839616775512695,31.6228,1.5
V75F,18.097204208374023,17.7828,1.25
A59R/N248P/V63I,19.856081008911133,316.2278,2.5
L105F,16.883310317993164,17.7828,1.25
A59K,18.641416549682617,316.2278,2.5
V75W,17.861717224121094,3.1623,0.5
A59H,17.948387145996094,177.8279,2.25
V63I,18.694873809814453,177.8279,2.25
N248P,18.62376594543457,100.0,2.0
A59R/N248P/V75R,19.68958282470703,316.2278,2.5
V150I,17.776582717895508,17.7828,1.25
A59K/N248P/V63I,19.669214248657227,316.2278,2.5
V63L,19.11113739013672,31.6228,1.5
LCC_ICCG,18.123125076293945,10.0,1.0
V75Y,17.5423583984375,10.0,1.0
N248P/V63I/V75R,19.635147094726562,316.2278,2.5
A59H/N248P/V63I,18.9996395111084,31.6228,1.5
A59R,18.789995193481445,316.2278,2.5
V75R,18.582090377807617,177.8279,2.25
V75H,17.756675720214844,31.6228,1.5
A162I,18.398340225219727,31.6228,1.5
V68P,18.18659019470215,31.6228,1.5
