,ypred,ytrue,ylog
PET30,-14.052592277526855,15.9,1.2279
IsPETase_WT,10.954505920410156,4055.0,3.6081
PET27,-10.092072486877441,871.8,2.9409
