,means,stds
Supervised,0.528177376,0.110047915
PET HMM,385.7173653,37.75162563
Active site HMM,38.39879032,6.00236978
Homologs HMM,254.0185629,21.75795842
Blosum,-6127.99002,53.01541191