,ypred,ytrue,ylog
A180I/F201I/G165A/I168R/K95N/L117F/Q119Y/R280A/R280A/S121E/S188Q/S214H/T140D/W159H,16.497848510742188,30.0,1.4914
IsPETase_WT,11.128384590148926,10.0,1.0414
D186H/N233C/R280A/S121E/S282C,12.864640235900879,70.0,1.8513
A180I/F201I/G165A/I168R/K95N/L117F/N233C/Q119Y/R280A/R280A/S121E/S188Q/S214H/S282C/T140D/W159H,17.917654037475586,120.0,2.0828
D186H/F201I/K95N/R280A/S121E,11.439997673034668,50.0,1.7076
A180I/G165A/I168R/L117F/N233C/Q119Y/R280A/S188Q/S214H/S282C/T140D/W159H,18.461305618286133,400.0,2.6031
D186H/F201I/K95N/N233C/R280A/S121E/S282C,13.019696235656738,400.0,2.6031
D186H/R280A/S121E,11.32045841217041,20.0,1.3222
A180I/G165A/I168R/L117F/Q119Y/R280A/S188Q/S214H/T140D/W159H,17.054594039916992,70.0,1.8513
