,ypred,ytrue,ylog
F220I/PbPL_H216S,10.65640926361084,47.6,1.6866
OaPL,7.384983062744141,0.0,0.0
PpPL,8.794944763183594,5.0,0.7782
F222I/LCC_H218S,18.96502685546875,1340.0,3.1274
CtPL,10.44068717956543,4.0,0.699
BurPL_H344S,11.700018882751465,4.6,0.7482
PbPL,10.001469612121582,5.5,0.8129
BurPL_F348I,11.136651039123535,38.4,1.5955
PbPL_F220I,10.080281257629395,5.2,0.7924
F200I/OaPL_H196S,8.28718376159668,0.0,0.0
BurPL_H344S/F348I,11.667304039001465,95.8,1.9859
PbPL_H216S,10.5807466506958,2.7,0.5682
I218F/IsPETase_S214H,10.663640022277832,7.3,0.9191
TfCut_WT,15.80031967163086,75.0,1.8808
F228I/TfCut_H224S,15.62613296508789,200.0,2.3032
LCC_WT,18.99297332763672,1440.0,3.1587
BurPL,11.171751976013184,29.5,1.4843
IsPETase_WT,11.14466381072998,106.8,2.0326
F229I/PpPL_H225S,9.683028221130371,0.0,0.0
PET2,9.672930717468262,20.0,1.3222
CtPL_H210S/F214I,10.54938793182373,30.0,1.4914
F233I/PET2_H229S,10.684433937072754,35.0,1.5563
