,ypred,ytrue,ylog
PETcan608,4.783262252807617,0.0,0.0
IsPETase_DM,12.663912773132324,463.79,2.6673
PETcan412,10.810811042785645,2.24,0.5105
PETcan611,14.899913787841797,500.0,2.6998
PETcan709,12.290905952453613,0.0,0.0
PETcan706,14.570025444030762,500.0,2.6998
PETcan714,13.56524658203125,500.0,2.6998
PETcan606,12.32651138305664,66.91,1.8319
PETcan409,9.777432441711426,9.82,1.0342
PETcan605,2.055185556411743,0.0,0.0
PETcan501,15.518814086914062,500.0,2.6998
IsPETase_WT,9.090019226074219,116.96,2.0717
PETcan708,9.700821876525879,12.55,1.1319
PETcan410,11.39857006072998,1.19,0.3404
PET2_WT,6.620672702789307,1.61,0.4166
PETcan610,8.4374361038208,0.0,0.0
PETcan710,8.532437324523926,0.0,0.0
PETcan601,13.165252685546875,500.0,2.6998
PETcan703,14.202963829040527,500.0,2.6998
LCC_WT,18.915760040283203,500.0,2.6998
PETcan712,7.610731601715088,0.0,0.0
PETcan602,13.14783000946045,28.14,1.4645
PETcan702,14.790695190429688,170.11,2.2333
PETcan503,11.786784172058105,3.68,0.6702
PETcan717,10.37406063079834,2.05,0.4843
PETcan705,15.160518646240234,500.0,2.6998
TfCut_WT,14.234726905822754,285.58,2.4572
PETcan405,10.432435035705566,1.91,0.4639
PETcan402,7.357972621917725,0.0,0.0
PETcan403,5.956605434417725,1.74,0.4378
PETcan713,8.180981636047363,0.0,0.0
PETcan715,14.01159381866455,500.0,2.6998
PETcan711,9.549433708190918,13.55,1.1629
LCC_WCCG,16.533796310424805,500.0,2.6998
PETcan716,15.030732154846191,500.0,2.6998
PETcan704,14.408686637878418,500.0,2.6998
PETcan406,9.627226829528809,1.49,0.3962
LCC_ICCG,19.39985466003418,500.0,2.6998
PETcan701,13.886530876159668,500.0,2.6998
PETcan407,12.464503288269043,75.09,1.8813
PETcan707,11.930878639221191,2.54,0.549
PETcan604,9.790390968322754,0.0,0.0
PETcan504,10.693394660949707,305.53,2.4865
