,ypred,ytrue,ylog
F209S/G62A,16.978193283081055,8.1,0.959
F209A,16.286216735839844,7.2,0.9138
TfCut2_WT,16.256378173828125,2.4,0.5315
H129W,15.375781059265137,3.7,0.6721
F209S/H129W,15.140763282775879,3.7,0.6721
F209A/H129W,15.4176607131958,0.1,0.0414
G62A/H129W,16.391897201538086,6.1,0.8513
F209A/G62A,17.282011032104492,15.0,1.2041
F209S,16.0129451751709,5.4,0.8062
H129A,15.638195991516113,0.1,0.0414
G62A,17.243574142456055,5.3,0.7993
