,ypred,ytrue,ylog
T88F/Y87D,11.222797393798828,0.0,0.0
A89H,10.910258293151855,31.6,1.5132
I208Q,10.994590759277344,3.2,0.6232
Y87E,11.159102439880371,6.3,0.8633
A209S,11.845793724060059,117.0,2.0719
G86E,10.729766845703125,0.0,0.0
M161Q,10.782565116882324,22.1,1.3636
S238A,11.165060997009277,717.8,2.8566
Y87H,11.508343696594238,63.2,1.8075
T88H,11.25799560546875,253.0,2.4048
IsPETase_WT,10.87247085571289,461.7,2.6653
A209E,11.392013549804688,6.3,0.8633
A89S,11.970475196838379,461.7,2.6653
W185T,11.06555461883545,9.5,1.0212
