,ypred,ytrue,ylog
S214H,10.839794158935547,54.2,1.7419
S160A,10.778576850891113,2.3,0.5185
W159H,11.927024841308594,18.6,1.2923
IsPETase_WT,11.2215576171875,200.0,2.3032
M161A,11.100520133972168,17.5,1.2672
W185A,10.768229484558105,16.4,1.2405
I208A,11.145439147949219,19.5,1.3118
Y87A,11.79757308959961,89.4,1.9562
C203S,11.2952299118042,2.6,0.5563
W159A,10.790985107421875,22.1,1.3636
T88A,11.322705268859863,124.7,2.0993
C239S,10.66574764251709,0.0,0.0
