,ypred,ytrue,ylog
I208A,10.986271858215332,0.8,0.2553
Y87A,11.628379821777344,2.6,0.5563
H237A,10.555155754089355,0.1,0.0414
D206A,10.952686309814453,0.1,0.0414
W159A,10.613338470458984,1.0,0.301
M161A,10.941482543945312,2.4,0.5315
S160A,10.599238395690918,0.1,0.0414
N241A,10.507415771484375,0.9,0.2788
IsPETase_WT,11.044156074523926,4.8,0.7634
S238A,11.330157279968262,3.8,0.6812
S238F,10.948646545410156,2.7,0.5682
R280A,12.209410667419434,6.2,0.8573
C203A/C239A,10.42031478881836,1.0,0.301
W185A,10.60010051727295,1.0,0.301
W159H,11.750740051269531,2.7,0.5682
