,ypred,ytrue,ylog
D174S,17.526655197143555,5.0,0.7782
D174S/D204P/S121P,17.108787536621094,11.0,1.0792
D174S/E202L,17.64972496032715,2.5,0.5441
D174S/D204P/E202L,17.70037078857422,6.0,0.8451
D174S/D204P/S194P,17.838699340820312,10.0,1.0414
D174S/S121P,17.024770736694336,4.5,0.7404
TfCut2_WT,16.84785270690918,0.25,0.0969
D174S/D204P,17.600570678710938,9.5,1.0212
