,ypred,ytrue,ylog
M161A,11.211624145507812,1.0,0.301
C203A,11.538434028625488,0.2,0.0792
Y87A,11.897431373596191,6.4,0.8692
C239A,10.49178409576416,0.0,0.0
Q182L,11.763083457946777,1.8,0.4472
S214H,10.930126190185547,3.9,0.6902
C203A/C239A,10.717398643493652,0.2,0.0792
N241A,10.787444114685059,0.2,0.0792
S238F,11.227349281311035,1.0,0.301
W159H,12.029403686523438,5.2,0.7924
W185A,10.866345405578613,0.6,0.2041
Q119A,12.361827850341797,1.6,0.415
W159A,10.900012969970703,2.9,0.5911
I208A,11.257740020751953,0.8,0.2553
A209I,11.22675609588623,3.1,0.6128
W97L,10.770894050598145,0.0,0.0
R123A,11.156108856201172,0.2,0.0792
