,ypred,ytrue,ylog
S207T,11.095314025878906,1.3,0.3617
A240P,11.060404777526855,2.1,0.4914
I208V,10.698100090026855,2.3,0.5185
R90A,10.838465690612793,4.5,0.7404
L117F,11.843677520751953,5.5,0.8129
IsPETase_WT,10.993090629577637,2.5,0.5441
I208F,10.498518943786621,6.3,0.8633
S238F,10.892542839050293,1.6,0.415
S238V,11.926426887512207,1.0,0.301
