,ypred,ytrue,ylog
Q183R,8.456069946289062,6.6,0.8808
L298C/Y262C,8.527703285217285,3.0,0.6021
E110K/F105R/S156P/T297P,9.755505561828613,9.6,1.0253
G89C/R47C,8.659246444702148,6.0,0.8451
E110K,8.873004913330078,6.6,0.8808
A295C/L265C,8.531481742858887,2.4,0.5315
Q134Y,9.262138366699219,5.4,0.8062
D53P,9.199406623840332,5.4,0.8062
A192P,8.64358901977539,1.8,0.4472
PET2_WT,8.681593894958496,4.8,0.7634
W174H,8.870660781860352,1.8,0.4472
L298R,8.562505722045898,3.0,0.6021
F105R,8.996612548828125,7.8,0.9445
T297P,8.988617897033691,4.8,0.7634
E110K/F105R,9.188288688659668,8.4,0.9731
G178A,8.784466743469238,6.0,0.8451
G179A,8.397692680358887,2.4,0.5315
S202Q,9.20398998260498,4.2,0.716
E110K/F105R/G180A/S156P/T297P,10.476783752441406,14.4,1.1875
G177A,8.128693580627441,1.8,0.4472
G180A,9.384255409240723,7.2,0.9138
S155D,7.714005947113037,1.2,0.3424
E110K/F105R/G180A/G89C/R47C/S156P/T297P,10.367518424987793,15.6,1.2201
S156P,8.901869773864746,3.6,0.6628
