,ypred,ytrue,ylog
M363I,11.277932167053223,1451.6,3.1621
S220R,11.75137996673584,426.7,2.6311
L218T,11.252044677734375,445.2,2.6495
T338I,11.684303283691406,1400.6,3.1466
S335N,11.095881462097168,1372.8,3.1379
BbPETase_WT,11.41220760345459,723.5,2.86
N365G,11.237411499023438,1242.9,3.0948
