,ypred,ytrue,ylog
PHL5,7.423428058624268,1.0,0.301
PHL3,12.270005226135254,15.0,1.2041
PHL4,8.295744895935059,1.0,0.301
PHL2,5.914069652557373,0.0,0.0
TfCut2_WT,16.718523025512695,4.0,0.699
PHL1,6.243643283843994,0.5,0.1761
PHL6,6.587413787841797,5.0,0.7782
PHL7,12.476033210754395,75.0,1.8808
