,ypred,ytrue,ylog
D204C/E253C,17.13287925720215,22.6,1.3729
D174R/D204C/E253C/G205D,17.323163986206055,22.3,1.3674
D174C/D204C,16.90285301208496,0.2,0.0792
D174N/D204C/E253C,17.52719497680664,24.3,1.4031
TfCut2_WT,16.377046585083008,0.2,0.0792
D174R/D204C/E253C,17.281747817993164,25.2,1.4183
D174L/D204C/E253C,17.199216842651367,24.3,1.4031
D174C/E253C,17.232175827026367,9.1,1.0043
D174A/D204C/E253C,17.238082885742188,23.6,1.3909
