,ypred,ytrue,ylog
D238C/S283C,21.765920639038086,100.2,2.0052
LCC_WT,20.659513473510742,81.9,1.9186
D238C/F243I/S283C/T96M,20.93516731262207,70.1,1.8519
D238C/F243W/N246M/S283C,21.1733455657959,85.8,1.9385
D238C/F243I/S283C/Y127G,21.22076416015625,82.0,1.9191
Y127G,20.1986026763916,54.5,1.7443
F243W,20.47406578063965,96.9,1.9908
N246D,19.869836807250977,85.4,1.9365
D238C/F243I/N246D/S283C,20.98723793029785,15.4,1.2148
T96M,19.945297241210938,59.3,1.7803
D238C/F243I/S283C,21.686697006225586,100.0,2.0043
D238C/F243W/S283C/Y127G,21.137449264526367,75.9,1.8859
D238C/F243I/S283C/T96M,20.93516731262207,48.2,1.692
F243I,20.560386657714844,104.4,2.0228
D238C/F243W/S283C,21.583114624023438,80.0,1.9085
N246M,20.173269271850586,81.5,1.9165
D238C/F243W/N246D/S283C,20.920305252075195,22.9,1.3784
D238C/F243I/N246M/S283C,21.272750854492188,96.4,1.9886
