,ypred,ytrue,ylog
W161A,9.163819313049316,0.0,0.0
V210I,9.93058967590332,55.5,1.752
L90T/R288A/W161H,10.634655952453613,163.6,2.2164
L90T/W161H,9.937132835388184,50.3,1.7101
R288A,10.184226036071777,140.3,2.1501
T241S,9.125746726989746,0.0,0.0
Y89A,9.897917747497559,27.8,1.4594
R288A/W161H,10.722992897033691,122.4,2.0913
L90T,9.339244842529297,71.3,1.8591
T241F,9.279194831848145,0.0,0.0
L90T/R288A,10.038281440734863,72.1,1.8639
W161H,10.047560691833496,122.3,2.091
SbPETase_WT,9.506736755371094,116.4,2.0697
