,ypred,ytrue,ylog
I178V,15.835347175598145,8.0,0.9542
G62A/T63D,16.69793128967285,18.0,1.2788
G62A/I213S/T63D,16.293109893798828,18.0,1.2788
G62A/I213S,16.354413986206055,19.0,1.301
G62A/I178V,16.763113021850586,19.0,1.301
TfCut2_WT,15.775773048400879,7.0,0.9031
I213S,15.389839172363281,8.0,0.9542
G62A,16.731603622436523,19.0,1.301
G62A/I178V/I213S/T63D,16.311315536499023,17.0,1.2553
G62A/I178V/T63D,16.703107833862305,17.0,1.2553
G62A/I178V/I213S,16.39226722717285,19.0,1.301
T63D,15.711372375488281,8.0,0.9542
