,ypred,ytrue,ylog
LCC_WT,20.734724044799805,5.75,0.8293
IsPETase_WT,11.331334114074707,2.25,0.5119
BhrPETase,19.38655662536621,6.25,0.8603
