,ypred,ytrue,ylog
R124Y,21.52300453186035,3.1623,0.5
A59R/N248P/V63I,23.37531280517578,316.2278,2.5
V68Y,21.383956909179688,31.6228,1.5
A59R,22.352384567260742,316.2278,2.5
V63L,22.644699096679688,31.6228,1.5
V75R,22.135129928588867,177.8279,2.25
V68P,21.730470657348633,31.6228,1.5
V75K,21.75090980529785,31.6228,1.5
L105F,20.446062088012695,17.7828,1.25
N276P,21.46147918701172,5.6234,0.75
N248P/V63I/V75R,23.139007568359375,316.2278,2.5
A59K/N248P/V75R,23.031850814819336,562.3413,2.75
V68F,21.46616554260254,17.7828,1.25
V75H,21.333581924438477,31.6228,1.5
A162I,21.933626174926758,31.6228,1.5
A90V,21.20696449279785,10.0,1.0
V75D,21.698244094848633,3.1623,0.5
A59E,22.32285499572754,10.0,1.0
A59H,21.504793167114258,177.8279,2.25
V75Y,21.117591857910156,10.0,1.0
A162V,22.269533157348633,10.0,1.0
V75F,21.66789436340332,17.7828,1.25
LCC_ICCG,21.693824768066406,10.0,1.0
V63P,22.518728256225586,31.6228,1.5
V63I,22.243453979492188,177.8279,2.25
A59H/N248P/V63I,22.51399803161621,31.6228,1.5
A59K/N248P/V63I,23.178253173828125,316.2278,2.5
V202I,21.519075393676758,10.0,1.0
N248P,22.1751708984375,100.0,2.0
A59K,22.19547462463379,316.2278,2.5
A59R/N248P/V75R,23.212295532226562,316.2278,2.5
V150I,21.310516357421875,17.7828,1.25
A59H/N248P/V75R,22.37980079650879,316.2278,2.5
V75W,21.428682327270508,3.1623,0.5
