,ypred,ytrue,ylog
IsPETase_WT,10.915423393249512,4055.0,3.6081
PET30,-12.880714416503906,15.9,1.2279
PET27,-8.572840690612793,871.8,2.9409
