,ypred,ytrue,ylog
IsPETase_WT,11.561469078063965,0.01,0.0043
D186H/N233C/P181V/Q119K/R280A/S121E/S207R/S213E/S214Y/S282C,13.693530082702637,0.25,0.0969
D186H/P181V/R280A/S121E/S207R/S214Y,10.933475494384766,0.1,0.0414
D186H/K252M/K95N/M154G/N212K/N233C/N241C/P181V/Q119K/Q182M/R224L/R280A/R90T/S121E/S207R/S213E/S214Y/S282C/S58A/S61V/T270Q,15.368938446044922,1.1,0.3222
D186H/R280A/S121E,11.742965698242188,0.05,0.0212
D186H/N212K/N233C/P181V/Q119K/Q182M/R224L/R280A/R90T/S121E/S207R/S213E/S214Y/S282C,14.65816879272461,0.8,0.2553
