,ypred,ytrue,ylog
D186H/F201I/K95N/R280A/S121E,11.99274730682373,50.0,1.7076
A180I/F201I/G165A/I168R/K95N/L117F/N233C/Q119Y/R280A/R280A/S121E/S188Q/S214H/S282C/T140D/W159H,18.55118751525879,120.0,2.0828
D186H/F201I/K95N/N233C/R280A/S121E/S282C,13.427311897277832,400.0,2.6031
D186H/R280A/S121E,11.85979175567627,20.0,1.3222
IsPETase_WT,11.768760681152344,10.0,1.0414
A180I/F201I/G165A/I168R/K95N/L117F/Q119Y/R280A/R280A/S121E/S188Q/S214H/T140D/W159H,17.28450584411621,30.0,1.4914
D186H/N233C/R280A/S121E/S282C,13.263175964355469,70.0,1.8513
A180I/G165A/I168R/L117F/N233C/Q119Y/R280A/S188Q/S214H/S282C/T140D/W159H,19.174789428710938,400.0,2.6031
A180I/G165A/I168R/L117F/Q119Y/R280A/S188Q/S214H/T140D/W159H,17.91834831237793,70.0,1.8513
