,ypred,ytrue,ylog
F222I/LCC_H218S,24.403722763061523,1340.0,3.1274
CtPL,18.547067642211914,4.0,0.699
PbPL,18.177352905273438,5.5,0.8129
PbPL_H216S,18.74182891845703,2.7,0.5682
TfCut_WT,20.782136917114258,75.0,1.8808
PpPL,27.09636878967285,5.0,0.7782
F220I/PbPL_H216S,18.791730880737305,47.6,1.6866
PET2,16.490694046020508,20.0,1.3222
OaPL,20.99469566345215,0.0,0.0
BurPL,26.63617515563965,29.5,1.4843
BurPL_H344S/F348I,27.12215232849121,95.8,1.9859
F229I/PpPL_H225S,27.992958068847656,0.0,0.0
IsPETase_WT,18.340866088867188,106.8,2.0326
CtPL_H210S/F214I,18.5346622467041,30.0,1.4914
BurPL_F348I,26.508516311645508,38.4,1.5955
BurPL_H344S,27.24543571472168,4.6,0.7482
F233I/PET2_H229S,17.483407974243164,35.0,1.5563
PbPL_F220I,18.22834587097168,5.2,0.7924
F200I/OaPL_H196S,21.8944149017334,0.0,0.0
F228I/TfCut_H224S,20.346473693847656,200.0,2.3032
I218F/IsPETase_S214H,17.999385833740234,7.3,0.9191
LCC_WT,24.619842529296875,1440.0,3.1587
