,ypred,ytrue,ylog
PETcan707,7.274415969848633,2.54,0.549
IsPETase_DM,24.985395431518555,463.79,2.6673
LCC_WT,22.576623916625977,500.0,2.6998
PETcan709,13.27306079864502,0.0,0.0
PETcan701,11.870488166809082,500.0,2.6998
PETcan703,11.08541488647461,500.0,2.6998
PETcan412,-55.1788215637207,2.24,0.5105
PETcan410,-52.052398681640625,1.19,0.3404
PETcan711,4.409440517425537,13.55,1.1629
PETcan406,19.43467140197754,1.49,0.3962
PETcan606,6.00774621963501,66.91,1.8319
PETcan405,10.659454345703125,1.91,0.4639
PETcan710,-0.5018460154533386,0.0,0.0
LCC_ICCG,21.884164810180664,500.0,2.6998
PETcan706,14.35086727142334,500.0,2.6998
LCC_WCCG,16.29547882080078,500.0,2.6998
PETcan712,43.00052261352539,0.0,0.0
PETcan409,-57.723724365234375,9.82,1.0342
PETcan604,13.389668464660645,0.0,0.0
PETcan402,25.148237228393555,0.0,0.0
PETcan501,16.125741958618164,500.0,2.6998
PETcan713,38.09345626831055,0.0,0.0
PETcan610,29.539968490600586,0.0,0.0
PET2_WT,18.073854446411133,1.61,0.4166
PETcan714,11.145186424255371,500.0,2.6998
PETcan716,13.81640338897705,500.0,2.6998
PETcan708,3.621225595474243,12.55,1.1319
IsPETase_WT,16.962703704833984,116.96,2.0717
PETcan611,28.20191764831543,500.0,2.6998
PETcan605,-10.780776977539062,0.0,0.0
PETcan717,8.355613708496094,2.05,0.4843
PETcan403,18.724573135375977,1.74,0.4378
PETcan608,15.73471736907959,0.0,0.0
PETcan702,11.23466968536377,170.11,2.2333
PETcan704,13.6188383102417,500.0,2.6998
PETcan602,15.67980670928955,28.14,1.4645
PETcan705,13.70746898651123,500.0,2.6998
TfCut_WT,19.006250381469727,285.58,2.4572
PETcan715,11.086941719055176,500.0,2.6998
PETcan503,32.39463424682617,3.68,0.6702
PETcan407,12.94167709350586,75.09,1.8813
PETcan504,18.596023559570312,305.53,2.4865
PETcan601,18.641284942626953,500.0,2.6998
