,ypred,ytrue,ylog
F209A/H129W,10.218256950378418,0.1,0.0414
G62A/H129W,10.9523344039917,6.1,0.8513
F209S,10.760201454162598,5.4,0.8062
F209A/G62A,11.801844596862793,15.0,1.2041
F209A,11.011161804199219,7.2,0.9138
H129W,10.144271850585938,3.7,0.6721
H129A,10.371381759643555,0.1,0.0414
G62A,11.730339050292969,5.3,0.7993
TfCut2_WT,10.947196960449219,2.4,0.5315
F209S/H129W,9.963150978088379,3.7,0.6721
F209S/G62A,11.523201942443848,8.1,0.959
