,ypred,ytrue,ylog
S238A,13.11319351196289,717.8,2.8566
A209E,13.450472831726074,6.3,0.8633
IsPETase_WT,12.996864318847656,461.7,2.6653
T88F/Y87D,13.609705924987793,0.0,0.0
G86E,12.822827339172363,0.0,0.0
A89S,14.139971733093262,461.7,2.6653
M161Q,12.848788261413574,22.1,1.3636
I208Q,13.142474174499512,3.2,0.6232
Y87H,13.838311195373535,63.2,1.8075
T88H,13.44884967803955,253.0,2.4048
W185T,13.305503845214844,9.5,1.0212
Y87E,13.428059577941895,6.3,0.8633
A209S,14.116069793701172,117.0,2.0719
A89H,13.004731178283691,31.6,1.5132
