,ypred,ytrue,ylog
C239S,8.776434898376465,0.0,0.0
Y87A,9.879647254943848,89.4,1.9562
W185A,8.876171112060547,16.4,1.2405
C203S,9.448570251464844,2.6,0.5563
I208A,9.23667049407959,19.5,1.3118
M161A,9.185531616210938,17.5,1.2672
S160A,8.915384292602539,2.3,0.5185
W159A,8.88573932647705,22.1,1.3636
T88A,9.35351276397705,124.7,2.0993
W159H,9.975837707519531,18.6,1.2923
S214H,8.857956886291504,54.2,1.7419
IsPETase_WT,9.310672760009766,200.0,2.3032
