,ypred,ytrue,ylog
R280A,8.552241325378418,6.2,0.8573
S238F,7.510657787322998,2.7,0.5682
S160A,7.163183689117432,0.1,0.0414
W159H,8.171658515930176,2.7,0.5682
M161A,7.394967555999756,2.4,0.5315
N241A,7.125830173492432,0.9,0.2788
S238A,7.7930755615234375,3.8,0.6812
D206A,7.4548659324646,0.1,0.0414
W159A,7.187175273895264,1.0,0.301
W185A,7.163076400756836,1.0,0.301
C203A/C239A,7.12305212020874,1.0,0.301
H237A,7.131589889526367,0.1,0.0414
IsPETase_WT,7.54230260848999,4.8,0.7634
I208A,7.462564945220947,0.8,0.2553
Y87A,8.058131217956543,2.6,0.5563
