,ypred,ytrue,ylog
D174S/E202L,13.065783500671387,2.5,0.5441
D174S/D204P/S194P,13.1876859664917,10.0,1.0414
D174S/D204P/E202L,13.047707557678223,6.0,0.8451
TfCut2_WT,12.257404327392578,0.25,0.0969
D174S/D204P,12.902374267578125,9.5,1.0212
D174S,12.901095390319824,5.0,0.7782
D174S/D204P/S121P,12.418655395507812,11.0,1.0792
D174S/S121P,12.406708717346191,4.5,0.7404
