,ypred,ytrue,ylog
W159H,14.868939399719238,5.2,0.7924
Y87A,14.895126342773438,6.4,0.8692
S214H,13.823848724365234,3.9,0.6902
W185A,13.596650123596191,0.6,0.2041
M161A,14.172000885009766,1.0,0.301
S238F,14.10391616821289,1.0,0.301
C203A/C239A,13.756328582763672,0.2,0.0792
Q119A,15.419371604919434,1.6,0.415
N241A,13.647139549255371,0.2,0.0792
C239A,13.444938659667969,0.0,0.0
R123A,14.081101417541504,0.2,0.0792
W97L,13.71812915802002,0.0,0.0
A209I,14.018271446228027,3.1,0.6128
Q182L,14.841628074645996,1.8,0.4472
W159A,13.574325561523438,2.9,0.5911
C203A,14.589851379394531,0.2,0.0792
I208A,14.252059936523438,0.8,0.2553
