,ypred,ytrue,ylog
I208V,7.4709792137146,2.3,0.5185
IsPETase_WT,7.813228607177734,2.5,0.5441
S238F,7.812496185302734,1.6,0.415
I208F,7.2041778564453125,6.3,0.8633
L117F,8.503098487854004,5.5,0.8129
S238V,8.818046569824219,1.0,0.301
S207T,7.98248815536499,1.3,0.3617
R90A,7.6031174659729,4.5,0.7404
A240P,7.902735233306885,2.1,0.4914
