,ypred,ytrue,ylog
F105R,9.489459991455078,7.8,0.9445
G178A,9.291718482971191,6.0,0.8451
S156P,9.20212459564209,3.6,0.6628
L298R,9.227873802185059,3.0,0.6021
A295C/L265C,9.456976890563965,2.4,0.5315
A192P,9.367636680603027,1.8,0.4472
Q183R,9.171286582946777,6.6,0.8808
D53P,9.966469764709473,5.4,0.8062
PET2_WT,9.355204582214355,4.8,0.7634
Q134Y,9.880953788757324,5.4,0.8062
G89C/R47C,9.018553733825684,6.0,0.8451
E110K/F105R/S156P/T297P,9.57088565826416,9.6,1.0253
T297P,9.528794288635254,4.8,0.7634
W174H,9.46066665649414,1.8,0.4472
E110K/F105R,9.509650230407715,8.4,0.9731
S202Q,9.871355056762695,4.2,0.716
S155D,8.506345748901367,1.2,0.3424
G179A,8.888392448425293,2.4,0.5315
G177A,8.660297393798828,1.8,0.4472
E110K/F105R/G180A/S156P/T297P,9.94029712677002,14.4,1.1875
G180A,9.709721565246582,7.2,0.9138
E110K,9.374156951904297,6.6,0.8808
L298C/Y262C,9.091108322143555,3.0,0.6021
E110K/F105R/G180A/G89C/R47C/S156P/T297P,9.536216735839844,15.6,1.2201
