,ypred,ytrue,ylog
BbPETase_WT,11.205074310302734,723.5,2.86
S335N,10.849371910095215,1372.8,3.1379
T338I,11.443596839904785,1400.6,3.1466
N365G,11.015225410461426,1242.9,3.0948
M363I,11.048678398132324,1451.6,3.1621
L218T,11.01473331451416,445.2,2.6495
S220R,11.636858940124512,426.7,2.6311
