,ypred,ytrue,ylog
S121E,10.977154731750488,5.2,0.7924
D186H/S121E,10.44711685180664,52.2,1.7259
D186H,11.62650203704834,19.7,1.316
D186H/S121D,11.184903144836426,38.4,1.5955
D186H/R280A/S121D,12.359447479248047,93.6,1.9759
D186F,11.407011985778809,14.4,1.1875
P181G,12.770745277404785,1.7,0.4314
D186H/P181A/S121E,10.358993530273438,19.8,1.3181
D186V,11.665081024169922,7.1,0.9085
D186L,11.40746784210205,7.1,0.9085
D186H/P181A/S121D,11.09382152557373,25.3,1.42
P181S,11.73987102508545,2.2,0.5051
D186I,11.409797668457031,6.9,0.8976
IsPETase_WT,12.148738861083984,8.7,0.9868
D186H/R280A/S121E,11.589130401611328,120.9,2.086
S121D,11.70658016204834,7.2,0.9138
P181A,12.035185813903809,7.6,0.9345
