,ypred,ytrue,ylog
TfCut2_WT,12.704666137695312,4.0,0.699
PHL7,7.098146438598633,75.0,1.8808
PHL1,1.9900513887405396,0.5,0.1761
PHL3,6.980963230133057,15.0,1.2041
PHL5,4.265434265136719,1.0,0.301
PHL4,5.090155124664307,1.0,0.301
PHL2,2.0955605506896973,0.0,0.0
PHL6,3.289640426635742,5.0,0.7782
