,ypred,ytrue,ylog
D204C/E253C,12.090964317321777,22.6,1.3729
D174L/D204C/E253C,12.154402732849121,24.3,1.4031
D174R/D204C/E253C/G205D,12.276317596435547,22.3,1.3674
D174C/E253C,12.29162883758545,9.1,1.0043
D174N/D204C/E253C,12.522965431213379,24.3,1.4031
D174R/D204C/E253C,12.245461463928223,25.2,1.4183
D174C/D204C,11.934304237365723,0.2,0.0792
TfCut2_WT,11.512364387512207,0.2,0.0792
D174A/D204C/E253C,12.231144905090332,23.6,1.3909
