,ypred,ytrue,ylog
LCC_WT,23.238344192504883,81.9,1.9186
D238C/S283C,25.441537857055664,100.2,2.0052
D238C/F243I/S283C,25.502288818359375,100.0,2.0043
F243I,23.282289505004883,104.4,2.0228
D238C/F243I/N246M/S283C,25.235387802124023,96.4,1.9886
D238C/F243W/N246D/S283C,25.077476501464844,22.9,1.3784
N246M,22.8752384185791,81.5,1.9165
N246D,22.613739013671875,85.4,1.9365
D238C/F243W/S283C/Y127G,25.188018798828125,75.9,1.8859
D238C/F243I/S283C/T96M,24.856857299804688,48.2,1.692
D238C/F243W/N246M/S283C,25.283187866210938,85.8,1.9385
T96M,22.654775619506836,59.3,1.7803
D238C/F243I/S283C/T96M,24.856857299804688,70.1,1.8519
D238C/F243I/N246D/S283C,24.985933303833008,15.4,1.2148
D238C/F243I/S283C/Y127G,25.115318298339844,82.0,1.9191
F243W,23.344640731811523,96.9,1.9908
D238C/F243W/S283C,25.546926498413086,80.0,1.9085
Y127G,22.835372924804688,54.5,1.7443
