,ypred,ytrue,ylog
V210I,7.391740798950195,55.5,1.752
W161H,7.3932929039001465,122.3,2.091
T241S,6.605680465698242,0.0,0.0
Y89A,7.300668239593506,27.8,1.4594
R288A/W161H,7.898456573486328,122.4,2.0913
T241F,6.823736667633057,0.0,0.0
L90T,6.759222030639648,71.3,1.8591
SbPETase_WT,6.939090728759766,116.4,2.0697
L90T/R288A/W161H,7.7910637855529785,163.6,2.2164
R288A,7.449995517730713,140.3,2.1501
W161A,6.62690544128418,0.0,0.0
L90T/W161H,7.266122341156006,50.3,1.7101
L90T/R288A,7.288353443145752,72.1,1.8639
