,ypred,ytrue,ylog
G62A/I178V/I213S,10.39285945892334,19.0,1.301
G62A/T63D,10.901215553283691,18.0,1.2788
G62A/I178V/I213S/T63D,10.329070091247559,17.0,1.2553
G62A,10.924088478088379,19.0,1.301
G62A/I213S/T63D,10.341618537902832,18.0,1.2788
G62A/I178V,10.918601989746094,19.0,1.301
T63D,10.17505168914795,8.0,0.9542
I213S,9.689640998840332,8.0,0.9542
G62A/I178V/T63D,10.875292778015137,17.0,1.2553
G62A/I213S,10.3892240524292,19.0,1.301
I178V,10.247258186340332,8.0,0.9542
TfCut2_WT,10.226034164428711,7.0,0.9031
