,ypred,ytrue,ylog
IsPETase_WT,10.455876350402832,2.25,0.5119
LCC_WT,16.76297378540039,5.75,0.8293
BhrPETase,15.350846290588379,6.25,0.8603
