,ypred,ytrue,ylog
N248P/V63I/V75R,16.911714553833008,316.2278,2.5
V202I,16.437255859375,10.0,1.0
V75H,16.290620803833008,31.6228,1.5
A162V,17.258560180664062,10.0,1.0
V68F,16.566484451293945,17.7828,1.25
V63I,16.951967239379883,177.8279,2.25
A59H,16.254940032958984,177.8279,2.25
R124Y,16.563581466674805,3.1623,0.5
A59H/N248P/V75R,16.164854049682617,316.2278,2.5
V75R,16.525028228759766,177.8279,2.25
V75Y,15.832249641418457,10.0,1.0
L105F,15.432456970214844,17.7828,1.25
V63P,17.313507080078125,31.6228,1.5
A59R/N248P/V63I,17.375732421875,316.2278,2.5
A59E,17.152755737304688,10.0,1.0
V75W,16.359498977661133,3.1623,0.5
V68Y,16.321352005004883,31.6228,1.5
V75D,16.48333740234375,3.1623,0.5
A59K,16.71183967590332,316.2278,2.5
A59H/N248P/V63I,16.61744499206543,31.6228,1.5
A162I,16.958986282348633,31.6228,1.5
LCC_ICCG,16.663619995117188,10.0,1.0
V63L,17.41790008544922,31.6228,1.5
A59R/N248P/V75R,16.882076263427734,316.2278,2.5
A59K/N248P/V63I,17.051897048950195,316.2278,2.5
V75F,16.48430633544922,17.7828,1.25
A90V,16.35066032409668,10.0,1.0
V150I,16.571252822875977,17.7828,1.25
V75K,16.628095626831055,31.6228,1.5
V68P,16.757509231567383,31.6228,1.5
A59R,17.003206253051758,316.2278,2.5
N248P,16.760412216186523,100.0,2.0
A59K/N248P/V75R,16.57950782775879,562.3413,2.75
N276P,16.478097915649414,5.6234,0.75
