,ypred,ytrue,ylog
IsPETase_WT,11.117301940917969,4055.0,3.6081
PET27,-9.538647651672363,871.8,2.9409
PET30,-13.269115447998047,15.9,1.2279
